No,Canonical_Screen_ID,Screen_Label,Canonical_Source,Intended_Surface_Type,Expected_Product_Consumer,Actual_Product_Consumer,Live_Route_Entry,Rendered_Component,Import_Render_Evidence,Preview_Route,Legacy_Consumer,Auth_Role_Guard,API_Store_Context_Binding,Primary_Classification,Gap_Summary,Blocking_Type,Evidence_Files,Runtime_Verified,Confidence,Recommended_Next_Action,Remediation_Evidence,Remediation_Note,Final_Classification,Final_Confidence,Implementation_Readiness,W7_4_Implementation_Task,Final_Implementation_Readiness,Product_Container,Product_Entry,Integration_Strategy,Canonical_Single_Source,Product_Entry_Test,Responsive_Test,Detached_Regression,Existing_Behavior_Regression,Implementation_Result,Implementation_Evidence,W7_4_Expansion_Task,Expansion_Previous_Readiness,Expansion_Final_Result,Expansion_Canonical_Contract,Expansion_Product_Consumer,Expansion_Integration_Strategy,Expansion_Preserved_Features,Expansion_Product_Entry_Test,Expansion_Responsive_Test,Expansion_Detached_Regression,Expansion_Runtime_Verification,Expansion_Evidence,Cross_Domain_QA_Task,Cross_Domain_QA_Independence,Cross_Domain_QA_Result,Cross_Domain_QA_Evidence,Access_Remediation_Task,Access_Remediation_Result,Access_Remediation_Evidence
1,1a,로그인/프로필 선택,ProfileSelectorPreview,Route,/,AuthPage (legacy player-select+PIN flow),/,AuthPage,"App.tsx route ""/""",/__wave6/1a,YES - AuthPage is pre-existing legacy component,none (public entry),none confirmed real,LEGACY_LIVE_UI_ACTIVE,Real entry point exists at / but renders legacy AuthPage not canonical 1a component,none,frontend/src/App.tsx;frontend/src/pages/Auth/index.tsx,NO,MEDIUM,GAP-A - verify AuthPage vs canonical 1a relationship with PM,,Not in initial LOW set -- no remediation required this pass,LEGACY_LIVE_UI_ACTIVE,MEDIUM,READY_FOR_LEGACY_REPLACEMENT,MONGLE-W7-4-AUTH-SINGLE-SOURCE-PRODUCT-INTEGRATION-001,IMPLEMENTED (was READY_FOR_LEGACY_REPLACEMENT; scoped to the profile-select step only),pages/Auth/index.tsx (AuthPage) via new pages/Auth/components/ProfileSelectorContainer.tsx (Product Adapter),/ (select mode),"MERGE_CANONICAL_INTO_EXISTING_CONTAINER, scoped to the select step only -- PIN entry (PinInputView) and admin login (AdminLoginView), the same flow's other two modes, are untouched because their own canonical Screens (1j/1j-1) are not implementation-ready; unifying with the separate /login Account-model login was out of authority (different auth paradigm, real design decision, not made by this task)","YES - ProfileSelectorPreview and AuthPage(select mode) both render screens/auth/ProfileSelector/ProfileSelectorScreen.tsx; Preview fixture unaffected by the additive prop-contract widening (verified: profile.id optional, falls back to name)","EXECUTED - real Playwright smoke (ad hoc script, not a repo artifact) against the live native WSL dev stack (dev.sh, real backend+PostgreSQL, 4 real seeded players): canonical 1a rendered with real player names/points (no fixture leakage), selecting a real profile resolved id->player and navigated to the real PIN screen with correct player context, back-navigation returned to 1a cleanly. 0 mutation (GET-only + client nav).","EXECUTED - 390x844/820x1180/1180x820, 0 horizontal overflow at any viewport, profile buttons rendered at all three","EXECUTED - ProfileSelectorPreview unchanged, confirmed unaffected by the additive type widening (fixture has no id, falls back to name, same as before)","PRESERVED - PIN entry, admin login, session establishment (useAuthStore.setLogin), 423 lockout handling, and the isLoggedIn redirect guard at the top of AuthPage are byte-for-byte unmodified; locked-profile guard reproduced at the container level (no onSelect forwarded when is_locked, mirroring legacy PlayerCard's disabled button) -- verified by code inspection only, no currently-locked seed account existed to exercise it live",IMPLEMENTED,"frontend/src/screens/auth/ProfileSelector/{types.ts,ProfileSelectorScreen.tsx,index.ts} (additive widening); frontend/src/pages/Auth/components/ProfileSelectorContainer.tsx (new); frontend/src/pages/Auth/index.tsx; deleted frontend/src/pages/Auth/components/{PlayerSelectView.tsx,PlayerCard.tsx} (fully orphaned, confirmed via grep)",,,,,,,,,,,,,MONGLE-W7-4-CROSS-DOMAIN-PRODUCT-INTEGRATION-INDEPENDENT-QA-001,"NOT_INDEPENDENT (same session as implementer, this task's own conversation)","PASS - real login, canonical 1a renders real player data; locked-profile guard reproduced live this task with a disposable locked player (previously LOCKED_PROFILE_RUNTIME_NOT_REPRODUCED, now closed)",See this task's own QA evidence for exact commands/screenshots/logs,,,
2,1a-1,로그인 폼 (ID/PW),A1AccountLoginPage,Route,/login,A1AccountLoginPage (canonical-derived),/login,A1AccountLoginPage,"App.tsx route ""/login""; own docblock ""canonical 1a-1... WIRED_AND_VERIFIED""",none,NO,none (public),POST /api/auth/account/login real,LIVE_CANONICAL_INTEGRATED,None - fully wired per own docblock,none,frontend/src/pages/A1AccountLogin/index.tsx,YES (E2E 1a-1),HIGH,none,,Not in initial LOW set -- no remediation required this pass,LIVE_CANONICAL_INTEGRATED,HIGH,ALREADY_COMPLETE,MONGLE-W7-4-AUTH-SINGLE-SOURCE-PRODUCT-INTEGRATION-001,ALREADY_COMPLETE (unchanged),pages/A1AccountLogin/index.tsx (unchanged),/login (unchanged),NONE_REQUIRED - already single-source per prior task,"YES (unchanged, not re-verified structurally this pass beyond a byte-diff confirming no accidental edit)",NOT_RE_EXECUTED - out of this task's changed-file set (confirmed 0 diff on pages/A1AccountLogin/**),NOT_RE_EXECUTED - unchanged,NOT_RE_EXECUTED - unchanged,"PRESERVED - not touched, 0 diff",PRESERVED_NO_CHANGE,"N/A - regression-reviewed only, not modified",,,,,,,,,,,,,MONGLE-W7-4-CROSS-DOMAIN-PRODUCT-INTEGRATION-INDEPENDENT-QA-001,"NOT_INDEPENDENT (same session as implementer, this task's own conversation)",MATRIX_CONSISTENCY_ONLY - row-level classification/consumer/write-once integrity re-verified via automated diff this task; not individually runtime-exercised,"Automated CSV round-trip diff against HEAD (0 write-once column changes across all 64 rows); grep-based single-source consumer count (2 per Screen, confirmed for this row)",,,
3,1b,가족 홈,FamilyHomePreview,Route,/family,FamilyLandingPage (legacy-shaped real page),/family,FamilyLandingPage,"App.tsx route ""/family"" + comment ""used as-is not reskinned to W7.3 canonical mockups""",/__wave6/1b,YES - explicit App.tsx comment,ProtectedRoute,real account-context/subscription data,LEGACY_LIVE_UI_ACTIVE,Real functional page exists but does not render canonical 1b visual/component,none,frontend/src/App.tsx;frontend/src/platform/pages/FamilyLanding.tsx,YES (persistent dev stack),HIGH,GAP-A,,Not in initial LOW set -- no remediation required this pass,LEGACY_LIVE_UI_ACTIVE,HIGH,READY_FOR_LEGACY_REPLACEMENT,MONGLE-W7-4-FAMILY-HOME-AND-DOMAIN-SINGLE-SOURCE-PRODUCT-INTEGRATION-001,"IMPLEMENTED (was READY_FOR_LEGACY_REPLACEMENT; zones 1-4 only, composed additively above existing real sections)",platform/pages/FamilyLanding.tsx (FamilyLanding) via new platform/pages/FamilyHomeContainer.tsx (Product Adapter),/family (a family is selected),"COMPOSE_CANONICAL_ABOVE_EXISTING_REAL_SECTIONS - the canonical Screen (zones 1-4: profile/hero/activity/services) is mounted at the top; every pre-existing real section below it (multi-family switcher, family-admin/service-admin badges, 3 feature links beyond the 4 tile slots, permission list) is unmodified, not replaced. The no-active-family multi-family-selector branch is untouched.","YES - FamilyHomePreview and FamilyLanding both render screens/family/FamilyHome/FamilyHomeScreen.tsx (newly extracted this task from the previously unextracted, never-live-wired FamilyHomePreview)","EXECUTED - real login + Playwright: real player/account data rendered (no fixture leakage), real family name shown below, markpoint tile click navigated to /markpoint, 0 console/page errors","EXECUTED - 390x844/820x1180/1180x820, 0 horizontal overflow","EXECUTED - /__wave6/1b confirmed still renders via the same canonical Screen + its own fixture, dock preview-only chrome unaffected","PRESERVED - family switcher, admin/service-admin badges, 7 feature links, permission list, and the no-active-family selector branch are all byte-identical to before, confirmed by diff",IMPLEMENTED,"frontend/src/screens/family/FamilyHome/** (new); frontend/src/platform/pages/FamilyHomeContainer.tsx (new); frontend/src/platform/pages/FamilyLanding.tsx (+3 lines only); frontend/src/pages/FamilyHomePreview/** (rewritten to consume the extracted Screen); frontend/src/shared/family/activityLogFormat.ts (new, extracted from FamilyMembersPage for reuse, 0 behavior change to 2r). Disclosed design note: the hero's Wagle CTA has no disabled/unavailable state in the frozen visual, unlike the tile grid -- inherited from the original frozen mockup design, not introduced this task.",,,,,,,,,,,,,MONGLE-W7-4-CROSS-DOMAIN-PRODUCT-INTEGRATION-INDEPENDENT-QA-001,"NOT_INDEPENDENT (same session as implementer, this task's own conversation)","PASS - real login, canonical zones + all real sections render together, no duplication, tile nav works, 0 console errors",See this task's own QA evidence for exact commands/screenshots/logs,,,
4,1c,포인트 잔치,PointFestivalPreview,Route,/markpoint,MarkpointUserPage (legacy-shaped real page),/markpoint,MarkpointUserPage,"App.tsx route ""/markpoint"" + comment ""used as-is not reskinned""",/__wave6/1c,YES - explicit App.tsx comment,ProtectedRoute,real ledger/level/projection data,LEGACY_LIVE_UI_ACTIVE,Real functional page exists but does not render canonical 1c visual/component (though several nested modals inside it DO use canonical Screens - see 1k/1l/1s/2c/2h/2j),none,frontend/src/App.tsx;frontend/src/platform/markpoint/MarkpointUser.tsx,YES (persistent dev stack),HIGH,GAP-A,,Not in initial LOW set -- no remediation required this pass,LEGACY_LIVE_UI_ACTIVE,HIGH,READY_FOR_LEGACY_REPLACEMENT,MONGLE-W7-4-MARKPOINT-SINGLE-SOURCE-PRODUCT-INTEGRATION-001,"IMPLEMENTED (was READY_FOR_LEGACY_REPLACEMENT; header + profile-card zones only, composed above the existing real weekly day-list/deductions/overlays, which are unmodified)",platform/markpoint/MarkpointUser.tsx (MarkpointUser),/markpoint,"COMPOSE_CANONICAL_ABOVE_EXISTING_REAL_SECTIONS, scoped to header+profile only (showWeeklySection=false) - the canonical Screen's own week-picker/cheer-messages/single-day-mission-list/history-row zones are NOT used in the Product: cheer messages have no backend capability anywhere (disclosed, not fabricated), and the week-picker+single-day list would either duplicate the real weekly day-list's own information in a second shape or break a committed E2E spec's DOM contract (tests/e2e/specs-mongle/03-target-ui.spec.ts: <ol>/<li> list, every cycle day always expanded, data-today marker, direct per-mission submit button) that the canonical picker does not reproduce","YES - PointFestivalPreview and MarkpointUser(header+profile zone) both render screens/markpoint/PointFestival/PointFestivalScreen.tsx; Preview renders the full Screen (all zones, its own fixture), Product renders it with showWeeklySection=false","EXECUTED - real Playwright smoke against the live native WSL dev stack: canonical header/profile rendered with real (zero-state, freshly seeded) account/level/point data, markpoint-balance/markpoint-level/markpoint-remaining testids verified present with correct real values (exact-text-matching the pre-existing committed spec's own assertions), reward-shop overlay opened correctly, canonical header's own logout button performed a real logout (session cleared, navigated to /). Real bug found and fixed during this verification: an invalid `font: 700 12px/normal inherit` CSS shorthand (carried over verbatim from the original never-live-wired Preview) was silently dropped by the browser, letting an unrelated, pre-existing, unscoped `header button{font-size:24px}` rule from a different stylesheet leak in and inflate the logout button to 144x48px, which starved the sibling title/subtitle text down to a 21px-wide column and wrapped it one character per line. Fixed with real longhand CSS properties plus a strengthened `.header .logout` selector, self-contained to this task's own new file.","EXECUTED - 390x844/820x1180/1180x820 on both the real Product entry and the Preview, 0 horizontal overflow at any size","EXECUTED - /__wave6/1c confirmed still renders the full canonical Screen (all zones incl. week-picker/cheers/missions/history) via its own fixture, 0 page errors","PRESERVED - the real weekly day-list (with its own committed E2E contract), the full deductions list, the reward-exchange/reward-shop/exchange-confirm/mission-detail/mission-reject/level-up overlay logic, and every real mutation handler are all byte-identical to before except being relocated from an old ad hoc header/card layout into a small real reward-entry-row + sub-stats row alongside the new canonical zone -- confirmed by diff",IMPLEMENTED,"frontend/src/screens/markpoint/PointFestival/** (new, extracted from the previously never-live-wired PointFestivalPreview); frontend/src/pages/PointFestivalPreview/{index.tsx,PointFestivalPreview.module.css} (rewritten to consume it, dock kept preview-local); frontend/src/platform/markpoint/MarkpointUser.tsx (header/3-card zone replaced by the canonical Screen; reward-entry buttons and 4 sub-stats relocated into their own real row, unchanged behavior; weekly day-list/deductions/all 6 overlays untouched)",,,,,,,,,,,,,MONGLE-W7-4-CROSS-DOMAIN-PRODUCT-INTEGRATION-INDEPENDENT-QA-001,"NOT_INDEPENDENT (same session as implementer, this task's own conversation)","PASS - real login, canonical header/profile render with real data, markpoint-balance/-level/-remaining testids exact-text-verified; DEFECT_FOUND and fixed by the implementer session was independently re-confirmed present (button/text render correctly, no regression)",See this task's own QA evidence for exact commands/screenshots/logs,,,
5,1d,가족 대화,FamilyChatPreview,Route,/wagle,WagleLanding (legacy-shaped real page),/wagle,WagleLanding,"App.tsx route ""/wagle"" + comment ""used as-is not reskinned""",/__wave6/1d,YES - explicit App.tsx comment,ProtectedRoute+WaglePinLock,real WagleRoomView API/realtime,LEGACY_LIVE_UI_ACTIVE,Real functional page exists but does not render canonical 1d visual/component (though nested items 1t/2g/3c/3d/3e DO use canonical/real behavior),none,frontend/src/App.tsx;frontend/src/platform/pages/WagleLanding.tsx,YES (persistent dev stack + E2E),HIGH,GAP-A,,Not in initial LOW set -- no remediation required this pass,LEGACY_LIVE_UI_ACTIVE,HIGH,READY_FOR_LEGACY_REPLACEMENT,MONGLE-W7-4-WAGLE-SINGLE-SOURCE-PRODUCT-INTEGRATION-001,ALREADY_COMPLETE (was READY_FOR_LEGACY_REPLACEMENT),WagleRoomView.tsx (Product Container/adapter),/wagle (room selected),MERGE_CANONICAL_INTO_EXISTING_CONTAINER,YES - FamilyChatPreview and WagleRoomView both render screens/wagle/FamilyChat/FamilyChatScreen.tsx,"Not executed this pass - no local backend venv/Postgres available to run tests/e2e/specs-mongle/03-target-ui.spec.ts Journey 4 and 04-w75-data-wiring.spec.ts; lint+typecheck+build PASS, code reviewed against existing test-id contract",NOT_EXECUTED - RESOURCE_BUSY equivalent (no runtime available this session); CSS reviewed for no duplicate bottom dock (MongleAppShell already owns nav) and mobile back-button media query preserved,"NOT_EXECUTED (same runtime gap); FamilyChatPreview statically reviewed - renders FamilyChatScreen with familyChatFixture, no Product import, canonical marker data-canonical-screen-id=1d present exactly once","Preserved by code: room list/selection, realtime connect/gap-recovery, send/error, reply overlay(2g)/settings overlay(1t)/files overlay trigger(2b) contract, board link, deep-link room via ?room= now wired to MongleAppShell's pre-existing isWagleConversationMobile switch",IMPLEMENTED,frontend/src/screens/wagle/FamilyChat/**; frontend/src/pages/FamilyChatPreview/index.tsx; frontend/src/platform/wagle/WagleRoomView.tsx; frontend/src/platform/wagle/WagleRoomView.module.css,,,,,,,,,,,,,MONGLE-W7-4-CROSS-DOMAIN-PRODUCT-INTEGRATION-INDEPENDENT-QA-001,INDEPENDENT (separate prior session implemented it),"PASS - real room+message created via the actual HTTP API (not fabricated), canonical 1d renders with real participants/messages, board nav works at tablet/desktop, mobile hides board link by design (not a bug)",See this task's own QA evidence for exact commands/screenshots/logs,,,
6,1e,관리자 포인트 관리 (데스크톱),AdminPointManagementPreview,Route,none (design reference),none,none,AdminPointManagementPreview,"App.tsx comment ""intentionally detached from the live admin routes""",/__wave6/1e,NO,none,none,CANONICAL_PREVIEW_ONLY,Explicitly disclosed in code as detached design reference only,none,frontend/src/App.tsx,NO,HIGH,none - correctly classified by design,,Not in initial LOW set -- no remediation required this pass,CANONICAL_PREVIEW_ONLY,HIGH,NO_IMPLEMENTATION_REQUIRED,,,,,,,,,,,,,,,,,,,,,,,,,MONGLE-W7-4-CROSS-DOMAIN-PRODUCT-INTEGRATION-INDEPENDENT-QA-001,N/A - no implementation task,MATRIX_CONSISTENCY_ONLY - row-level classification/consumer/write-once integrity re-verified via automated diff this task; not individually runtime-exercised,"Automated CSV round-trip diff against HEAD (0 write-once column changes across all 64 rows); grep-based single-source consumer count (2 per Screen, confirmed for this row)",,,
7,1f,나 프로필,MyProfilePreview,Route,/profile,ProfilePage,/profile,ProfilePage,"ProfilePage.tsx own docblock ""canonical 1f... ROOT_OF""",/__wave6/1f,NO,ProtectedRoute,GET /api/me + level + projection + missions + members all real,LIVE_CANONICAL_INTEGRATED,streak/badges disclosed as fixture (no backend model),none,frontend/src/pages/profile/ProfilePage.tsx,YES (E2E),HIGH,none,,Not in initial LOW set -- no remediation required this pass,LIVE_CANONICAL_INTEGRATED,HIGH,ALREADY_COMPLETE,MONGLE-W7-4-FAMILY-HOME-AND-DOMAIN-SINGLE-SOURCE-PRODUCT-INTEGRATION-001,"ALREADY_COMPLETE (real via GET /api/me; 2 sub-stats (streak/badges) remain disclosed fixture values, pre-existing, unrelated to this task)",pages/profile/ProfilePage.tsx,/profile,"NONE_REQUIRED - already single-source, confirmed by direct current-code read + runtime regression this task",YES - confirmed via source read this task,"EXECUTED - Playwright runtime spot-check via real login, 0 console/page errors",NOT_RE_EXECUTED (unchanged from prior task's own responsive pass),"NOT_RE_EXECUTED (unchanged, not modified this task)","PRESERVED - not modified (except 2r, see its own row)",PRESERVED_NO_CHANGE,"real via GET /api/me; 2 sub-stats (streak/badges) remain disclosed fixture values, pre-existing, unrelated to this task",,,,,,,,,,,,,MONGLE-W7-4-CROSS-DOMAIN-PRODUCT-INTEGRATION-INDEPENDENT-QA-001,"NOT_INDEPENDENT (same session as implementer, this task's own conversation)",MATRIX_CONSISTENCY_ONLY - row-level classification/consumer/write-once integrity re-verified via automated diff this task; not individually runtime-exercised,"Automated CSV round-trip diff against HEAD (0 write-once column changes across all 64 rows); grep-based single-source consumer count (2 per Screen, confirmed for this row)",,,
8,1g,가족 일정,FamilySchedulePreview,Route,/family/schedule,FamilySchedulePage,/family/schedule,FamilySchedulePage,"own docblock ""canonical 1g W7.5 Phase D SLICE-SCHEDULE""",/__wave6/1g,NO,ProtectedRoute,list/create/delete real; edit not wired,PARTIALLY_INTEGRATED,Edit flow not wired to real PATCH; reuses Add screen fixture path,none,frontend/src/features/family-schedule/FamilySchedulePage.tsx,NO,HIGH,GAP-D - wire edit PATCH,,Not in initial LOW set -- no remediation required this pass,PARTIALLY_INTEGRATED,HIGH,READY_FOR_WIRING,MONGLE-W7-4-FAMILY-HOME-AND-DOMAIN-SINGLE-SOURCE-PRODUCT-INTEGRATION-001,"ALREADY_COMPLETE (real GET-wired main view, confirmed by source comment + runtime spot-check this task)",features/family-schedule/FamilySchedulePage.tsx,/family/schedule,"NONE_REQUIRED - already single-source, confirmed by direct current-code read + runtime regression this task",YES - confirmed via source read this task,"EXECUTED - Playwright runtime spot-check via real login, 0 console/page errors",NOT_RE_EXECUTED (unchanged from prior task's own responsive pass),"NOT_RE_EXECUTED (unchanged, not modified this task)","PRESERVED - not modified (except 2r, see its own row)",PRESERVED_NO_CHANGE,"real GET-wired main view, confirmed by source comment + runtime spot-check this task",,,,,,,,,,,,,MONGLE-W7-4-CROSS-DOMAIN-PRODUCT-INTEGRATION-INDEPENDENT-QA-001,"NOT_INDEPENDENT (same session as implementer, this task's own conversation)",MATRIX_CONSISTENCY_ONLY - row-level classification/consumer/write-once integrity re-verified via automated diff this task; not individually runtime-exercised,"Automated CSV round-trip diff against HEAD (0 write-once column changes across all 64 rows); grep-based single-source consumer count (2 per Screen, confirmed for this row)",,,
9,1h,앨범,FamilyAlbumPreview,Route,/family/album,FamilyAlbumPage,/family/album,FamilyAlbumPage,"own docblock ""canonical 1h W7.5 Phase D SLICE-ALBUM-METADATA""",/__wave6/1h,NO,ProtectedRoute,metadata CRUD real; no real image storage,PARTIALLY_INTEGRATED,No storage abstraction in backend - metadata only never a real image,INFRASTRUCTURE_BLOCKED (storage),frontend/src/features/family-album/FamilyAlbumPage.tsx,NO,HIGH,GAP-F - storage infra decision,,Not in initial LOW set -- no remediation required this pass,PARTIALLY_INTEGRATED,HIGH,INFRASTRUCTURE_PREREQUISITE_REQUIRED,MONGLE-W7-4-FAMILY-HOME-AND-DOMAIN-SINGLE-SOURCE-PRODUCT-INTEGRATION-001,"ALREADY_COMPLETE (real GET-wired main view, confirmed by source comment + runtime spot-check this task)",features/family-album/FamilyAlbumPage.tsx,/family/album,"NONE_REQUIRED - already single-source, confirmed by direct current-code read + runtime regression this task",YES - confirmed via source read this task,"EXECUTED - Playwright runtime spot-check via real login, 0 console/page errors",NOT_RE_EXECUTED (unchanged from prior task's own responsive pass),"NOT_RE_EXECUTED (unchanged, not modified this task)","PRESERVED - not modified (except 2r, see its own row)",PRESERVED_NO_CHANGE,"real GET-wired main view, confirmed by source comment + runtime spot-check this task",,,,,,,,,,,,,MONGLE-W7-4-CROSS-DOMAIN-PRODUCT-INTEGRATION-INDEPENDENT-QA-001,"NOT_INDEPENDENT (same session as implementer, this task's own conversation)",MATRIX_CONSISTENCY_ONLY - row-level classification/consumer/write-once integrity re-verified via automated diff this task; not individually runtime-exercised,"Automated CSV round-trip diff against HEAD (0 write-once column changes across all 64 rows); grep-based single-source consumer count (2 per Screen, confirmed for this row)",,,
10,1i,할 일,FamilyTodoPreview,Route,/family/todo,FamilyTodoPage,/family/todo,FamilyTodoPage,"own docblock ""canonical 1i W7.5 Phase D SLICE-TODO""",/__wave6/1i,NO,ProtectedRoute,list/toggle real; create not wired (no input control on frozen screen),PARTIALLY_INTEGRATED,Create button has no form behind it on frozen canonical screen,none (design-contract gap),frontend/src/features/family-todo/FamilyTodoPage.tsx,NO,HIGH,GAP-D - PM/design decision for create input,,Not in initial LOW set -- no remediation required this pass,PARTIALLY_INTEGRATED,HIGH,DESIGN_DECISION_REQUIRED,MONGLE-W7-4-FAMILY-HOME-AND-DOMAIN-SINGLE-SOURCE-PRODUCT-INTEGRATION-001,"DEFERRED - DESIGN_DECISION_REQUIRED - real read/empty-state path exists, but the create/edit input controls are missing (W7.5 Phase D's own recurring finding across 1i/1v/2y(since resolved)/2z/3b/3j); not re-derived here, only re-confirmed unchanged by current-code read",N/A - not implemented,N/A,DEFER_CONFIRMED_BLOCKER,N/A - blocked before single-sourcing question applies,NOT_APPLICABLE,NOT_APPLICABLE,NOT_APPLICABLE,PRESERVED - not touched,DEFERRED_CONFIRMED_BLOCKER,"DESIGN_DECISION_REQUIRED - real read/empty-state path exists, but the create/edit input controls are missing (W7.5 Phase D's own recurring finding across 1i/1v/2y(since resolved)/2z/3b/3j); not re-derived here, only re-confirmed unchanged by current-code read",,,,,,,,,,,,,MONGLE-W7-4-CROSS-DOMAIN-PRODUCT-INTEGRATION-INDEPENDENT-QA-001,"NOT_INDEPENDENT (same session as implementer, this task's own conversation)",MATRIX_CONSISTENCY_ONLY - row-level classification/consumer/write-once integrity re-verified via automated diff this task; not individually runtime-exercised,"Automated CSV round-trip diff against HEAD (0 write-once column changes across all 64 rows); grep-based single-source consumer count (2 per Screen, confirmed for this row)",,,
11,1j,PIN 입력,PinEntryPreview,Route,none found,none found,none,PinEntryPreview,"no ""canonical 1j"" marker found in any non-Preview source",/__wave6/1j,NO,none,none,CANONICAL_PREVIEW_ONLY,No real consumer reference found via docblock/grep search,none,(search only - no positive file),NO,MEDIUM,confirm via PM whether a live consumer is planned,,Not in initial LOW set -- no remediation required this pass,CANONICAL_PREVIEW_ONLY,MEDIUM,DESIGN_DECISION_REQUIRED,MONGLE-W7-4-AUTH-SINGLE-SOURCE-PRODUCT-INTEGRATION-001,"DEFERRED - DESIGN_DECISION_REQUIRED (confirmed, not implemented)",N/A - not implemented,"N/A - no live route, only /__wave6/1j preview",DEFER_CONFIRMED_BLOCKER,"NO - no extracted canonical Screen exists (pages/PinEntryPreview is a static ui-only stub with no props/model contract, never live-wired)",NOT_APPLICABLE,NOT_APPLICABLE,NOT_APPLICABLE,"PRESERVED - not touched; real PIN submit (PinInputView, existing) continues to serve /'s pin mode unchanged",DEFERRED_CONFIRMED_BLOCKER,"Blocker: no canonical Screen component extracted (only a static preview stub); undefined behavior for the stub's own 'PIN 찾기' affordance; account-lock countdown/attempt-count copy has no backing real data (/api/players returns only is_locked: boolean). A genuine DESIGN_DECISION_REQUIRED gap, confirmed by code read, not manufactured by this task.",,,,,,,,,,,,,MONGLE-W7-4-CROSS-DOMAIN-PRODUCT-INTEGRATION-INDEPENDENT-QA-001,"NOT_INDEPENDENT (same session as implementer, this task's own conversation)","CONFIRMED STILL BLOCKED - no screens/auth/PinEntry directory exists, pages/PinEntryPreview remains a static ui-only stub, not force-integrated",See this task's own QA evidence for exact commands/screenshots/logs,,,
12,1j-1,계정 잠금,AccountLockPreview,Route,none found,none found,none,AccountLockPreview,"no ""canonical 1j-1"" marker found",/__wave6/1j-1,NO,none,none,CANONICAL_PREVIEW_ONLY,No real consumer reference found via docblock/grep search,none,(search only),NO,MEDIUM,confirm via PM,,Not in initial LOW set -- no remediation required this pass,CANONICAL_PREVIEW_ONLY,MEDIUM,DESIGN_DECISION_REQUIRED,MONGLE-W7-4-AUTH-SINGLE-SOURCE-PRODUCT-INTEGRATION-001,"DEFERRED - DESIGN_DECISION_REQUIRED (confirmed, not implemented)",N/A - not implemented,"N/A - no live route, only /__wave6/1j-1 preview",DEFER_CONFIRMED_BLOCKER,NO - no extracted canonical Screen exists (pages/AccountLockPreview is a static ui-only stub with hardcoded lock-countdown copy not backed by any real API field),NOT_APPLICABLE,NOT_APPLICABLE,NOT_APPLICABLE,PRESERVED - not touched; existing inline 423-lockout messaging on the real PIN screen (PinInputView) continues unchanged,DEFERRED_CONFIRMED_BLOCKER,"Same blocker class as 1j: no canonical Screen component, and the frozen visual's specific attempt-count/retry-timer copy ('5회 실패', '5분 후 다시 시도') has no backing real data -- /api/players exposes only is_locked: boolean, no attempt counter or unlock timestamp. Confirmed by direct API read this task, not assumed.",,,,,,,,,,,,,MONGLE-W7-4-CROSS-DOMAIN-PRODUCT-INTEGRATION-INDEPENDENT-QA-001,"NOT_INDEPENDENT (same session as implementer, this task's own conversation)","CONFIRMED STILL BLOCKED - same as 1j, pages/AccountLockPreview remains static ui-only stub",See this task's own QA evidence for exact commands/screenshots/logs,,,
13,1k,미션 상세,MissionDetailPreview,Modal,within /markpoint,MarkpointUserPage internal modal using MissionDetailScreen,/markpoint (modal),MissionDetailScreen,"MarkpointUser.tsx comment ""canonical 1k (미션 상세)... real"";screens/markpoint/MissionDetail/MissionDetailScreen.tsx",/__wave6/1k,NO (nested in legacy-shaped parent but modal itself is canonical),ProtectedRoute,real checklist/progress data,LIVE_CANONICAL_INTEGRATED,None - real checklist toggle and progress confirmed by E2E,none,frontend/src/platform/markpoint/MarkpointUser.tsx;frontend/src/screens/markpoint/MissionDetail/MissionDetailScreen.tsx,YES (E2E 1k),HIGH,none,,Not in initial LOW set -- no remediation required this pass,LIVE_CANONICAL_INTEGRATED,HIGH,ALREADY_COMPLETE,MONGLE-W7-4-MARKPOINT-SINGLE-SOURCE-PRODUCT-INTEGRATION-001,"ALREADY_COMPLETE (real via own_weekly_detail (W7.5 Phase C); photo-evidence notice stays static copy, disclosed (no file-storage abstraction exists anywhere, same gate as 2v/2z), not fabricated)",platform/markpoint/MarkpointUser.tsx (mission-detail overlay),/markpoint (modal),"NONE_REQUIRED - already single-source, confirmed by direct current-code read this task",YES - confirmed via source read this task,NOT_RE_EXECUTED this specific screen (out of this task's own changed-file set; confirmed 0 diff on the overlay JSX itself),NOT_RE_EXECUTED (unchanged),NOT_RE_EXECUTED (unchanged),"PRESERVED - not modified, confirmed by diff",PRESERVED_NO_CHANGE,"real via own_weekly_detail (W7.5 Phase C); photo-evidence notice stays static copy, disclosed (no file-storage abstraction exists anywhere, same gate as 2v/2z), not fabricated",,,,,,,,,,,,,MONGLE-W7-4-CROSS-DOMAIN-PRODUCT-INTEGRATION-INDEPENDENT-QA-001,"NOT_INDEPENDENT (same session as implementer, this task's own conversation)",MATRIX_CONSISTENCY_ONLY - row-level classification/consumer/write-once integrity re-verified via automated diff this task; not individually runtime-exercised,"Automated CSV round-trip diff against HEAD (0 write-once column changes across all 64 rows); grep-based single-source consumer count (2 per Screen, confirmed for this row)",,,
14,1l,보상 교환,RewardExchangePreview,Modal,within /markpoint,MarkpointUserPage internal modal,/markpoint (modal),(reward exchange screen),"MarkpointUser.tsx comment ""canonical 1l (보상 교환) - same real catalog as 2j""",/__wave6/1l,NO,ProtectedRoute,real reward catalog,LIVE_CANONICAL_INTEGRATED,None disclosed,none,frontend/src/platform/markpoint/MarkpointUser.tsx,NO,MEDIUM,spot-check runtime,,Not in initial LOW set -- no remediation required this pass,LIVE_CANONICAL_INTEGRATED,MEDIUM,READY_FOR_PARTIAL_INTEGRATION_COMPLETION,MONGLE-W7-4-MARKPOINT-SINGLE-SOURCE-PRODUCT-INTEGRATION-001,ALREADY_COMPLETE (real via the reward catalog API (W7.5 Phase D SLICE-REWARD-CATALOG); balance real),platform/markpoint/MarkpointUser.tsx (reward-exchange overlay),/markpoint (modal),"NONE_REQUIRED - already single-source, confirmed by direct current-code read this task",YES - confirmed via source read this task,NOT_RE_EXECUTED this specific screen (out of this task's own changed-file set; confirmed 0 diff on the overlay JSX itself),NOT_RE_EXECUTED (unchanged),NOT_RE_EXECUTED (unchanged),"PRESERVED - not modified, confirmed by diff",PRESERVED_NO_CHANGE,real via the reward catalog API (W7.5 Phase D SLICE-REWARD-CATALOG); balance real,,,,,,,,,,,,,MONGLE-W7-4-CROSS-DOMAIN-PRODUCT-INTEGRATION-INDEPENDENT-QA-001,"NOT_INDEPENDENT (same session as implementer, this task's own conversation)",MATRIX_CONSISTENCY_ONLY - row-level classification/consumer/write-once integrity re-verified via automated diff this task; not individually runtime-exercised,"Automated CSV round-trip diff against HEAD (0 write-once column changes across all 64 rows); grep-based single-source consumer count (2 per Screen, confirmed for this row)",,,
15,1m,미션 승인,MissionApprovalPreview,Route/Modal,none found,none found,none,MissionApprovalPreview,"no ""canonical 1m"" marker found in non-Preview source",/__wave6/1m,possibly AdminDashboard MissionView (not confirmed),none,none,CANONICAL_PREVIEW_ONLY,No confirmed real consumer found; AdminDashboard MissionView may have equivalent legacy approval flow not confirmed as this canonical screen,none,(search only),NO,LOW,verify against AdminDashboard/views/MissionView,"frontend/src/pages/AdminDashboard/views/MissionView/MissionView.tsx (useMissionView hook exposes real approve/reject/deleteMission/updateMission/createMission against live backend); canonical preview itself carries data-implementation-mode=""ui-only"" marker confirming it was never wired","Real functional equivalent (mission approval) exists in AdminDashboard MissionView using legacy/custom components, not the canonical Screen. Reclassified from CANONICAL_PREVIEW_ONLY to LEGACY_LIVE_UI_ACTIVE, matching the 1b/1c/1d pattern.",LEGACY_LIVE_UI_ACTIVE,HIGH,READY_FOR_LEGACY_REPLACEMENT,MONGLE-W7-4-ADMIN-SINGLE-SOURCE-PRODUCT-INTEGRATION-001,IMPLEMENTED (was READY_FOR_LEGACY_REPLACEMENT),"DashboardView.tsx (Product Container/adapter, new)","/admin dashboard → 승인 대기 카드 ""전체 보기""",CREATE_MINIMAL_PRODUCT_CONTAINER,YES - MissionApprovalPreview and DashboardView both render screens/admin/MissionApproval/MissionApprovalScreen.tsx,"Not executed this pass - no local backend venv/Postgres available; lint+typecheck+build PASS, code reviewed",NOT_EXECUTED - no runtime available this session; embedded prop suppresses the frozen preview's own duplicate sidebar (AdminLayout already owns real Sidebar),"NOT_EXECUTED (same runtime gap); MissionApprovalPreview statically reviewed - renders MissionApprovalScreen with missionApprovalFixture unchanged, canonical marker present exactly once","No prior dedicated approval-queue consumer existed (PendingMissionCard only previewed top 4, no actions, ""전체 보기"" navigated away). New: full pending_approval list with real approve/reject via useAdminData's approveMission/rejectMission (already-used real mutations, unchanged signatures)",IMPLEMENTED,frontend/src/screens/admin/MissionApproval/**; frontend/src/pages/MissionApprovalPreview/index.tsx; frontend/src/pages/AdminDashboard/views/DashboardView/DashboardView.tsx; .../components/PendingMissionCard.tsx,,,,,,,,,,,,,MONGLE-W7-4-CROSS-DOMAIN-PRODUCT-INTEGRATION-INDEPENDENT-QA-001,INDEPENDENT (separate prior session implemented it),"CODE-LEVEL PASS (no live /admin session achievable this task - see 2a/2i note); real MissionApproval import confirmed in DashboardView.tsx, 0 fixture",See this task's own QA evidence for exact commands/screenshots/logs,MONGLE-W7-4-ADMIN-ACCOUNT-AUTH-ACCESS-CONTRACT-REMEDIATION-001,"DEFECT-001_FIXED_DEVELOPER_SELF_CHECK (route-guard/identity layer only, this Screen unchanged)",agent-system/qa/MONGLE-W7-4-ADMIN-ACCOUNT-AUTH-ACCESS-CONTRACT-REMEDIATION-001.md
16,1n,알림,NotificationListPreview,Route,/family/notifications,NotificationsPage,/family/notifications,NotificationsPage,"own docblock ""canonical 1n W7.5 Phase D SLICE-NOTIFICATION-LIST""",/__wave6/1n,NO,ProtectedRoute,list + mark-all-read real; no producer route exists yet,PARTIALLY_INTEGRATED,No feature creates a notification row yet - real empty state only,none (functional gap),frontend/src/features/family-notifications/NotificationsPage.tsx,NO,HIGH,GAP-D - wire notification producers,,Not in initial LOW set -- no remediation required this pass,PARTIALLY_INTEGRATED,HIGH,INFRASTRUCTURE_PREREQUISITE_REQUIRED,MONGLE-W7-4-FAMILY-HOME-AND-DOMAIN-SINGLE-SOURCE-PRODUCT-INTEGRATION-001,"ALREADY_COMPLETE (real, fixed by W7.5 Phase G (was found never actually wired despite an earlier phase's claim); re-confirmed real this task via source read + runtime spot-check)",features/family-notifications/NotificationsPage.tsx,/family/notifications,"NONE_REQUIRED - already single-source, confirmed by direct current-code read + runtime regression this task",YES - confirmed via source read this task,"EXECUTED - Playwright runtime spot-check via real login, 0 console/page errors",NOT_RE_EXECUTED (unchanged from prior task's own responsive pass),"NOT_RE_EXECUTED (unchanged, not modified this task)","PRESERVED - not modified (except 2r, see its own row)",PRESERVED_NO_CHANGE,"real, fixed by W7.5 Phase G (was found never actually wired despite an earlier phase's claim); re-confirmed real this task via source read + runtime spot-check",,,,,,,,,,,,,MONGLE-W7-4-CROSS-DOMAIN-PRODUCT-INTEGRATION-INDEPENDENT-QA-001,"NOT_INDEPENDENT (same session as implementer, this task's own conversation)",MATRIX_CONSISTENCY_ONLY - row-level classification/consumer/write-once integrity re-verified via automated diff this task; not individually runtime-exercised,"Automated CSV round-trip diff against HEAD (0 write-once column changes across all 64 rows); grep-based single-source consumer count (2 per Screen, confirmed for this row)",,,
17,1o,일정 추가,ScheduleAddPreview,Modal,within /family/schedule,FamilySchedulePage internal view,/family/schedule (view),(schedule add screen),"FamilySchedulePage.tsx docblock ""1o (일정 추가)... real""",/__wave6/1o,NO,ProtectedRoute,real create,LIVE_CANONICAL_INTEGRATED,Reused for edit path which is not wired (see 1g),none,frontend/src/features/family-schedule/FamilySchedulePage.tsx,NO,HIGH,none for create path,,Not in initial LOW set -- no remediation required this pass,LIVE_CANONICAL_INTEGRATED,HIGH,READY_FOR_PARTIAL_INTEGRATION_COMPLETION,MONGLE-W7-4-FAMILY-HOME-AND-DOMAIN-SINGLE-SOURCE-PRODUCT-INTEGRATION-001,"ALREADY_COMPLETE (real, confirmed by source comment)",features/family-schedule/FamilySchedulePage.tsx,/family/schedule (add),"NONE_REQUIRED - already single-source, confirmed by direct current-code read + runtime regression this task",YES - confirmed via source read this task,"EXECUTED - Playwright runtime spot-check via real login, 0 console/page errors",NOT_RE_EXECUTED (unchanged from prior task's own responsive pass),"NOT_RE_EXECUTED (unchanged, not modified this task)","PRESERVED - not modified (except 2r, see its own row)",PRESERVED_NO_CHANGE,"real, confirmed by source comment",,,,,,,,,,,,,MONGLE-W7-4-CROSS-DOMAIN-PRODUCT-INTEGRATION-INDEPENDENT-QA-001,"NOT_INDEPENDENT (same session as implementer, this task's own conversation)",MATRIX_CONSISTENCY_ONLY - row-level classification/consumer/write-once integrity re-verified via automated diff this task; not individually runtime-exercised,"Automated CSV round-trip diff against HEAD (0 write-once column changes across all 64 rows); grep-based single-source consumer count (2 per Screen, confirmed for this row)",,,
18,1p,사진 상세,PhotoDetailPreview,Modal,within /family/album,FamilyAlbumPage internal view,/family/album (view),(photo detail screen),"FamilyAlbumPage.tsx docblock ""1p/1w/2y real""",/__wave6/1p,NO,ProtectedRoute,real metadata (no image),PARTIALLY_INTEGRATED,Metadata only - no real image storage,INFRASTRUCTURE_BLOCKED (storage),frontend/src/features/family-album/FamilyAlbumPage.tsx,NO,MEDIUM,GAP-F,,Not in initial LOW set -- no remediation required this pass,PARTIALLY_INTEGRATED,MEDIUM,INFRASTRUCTURE_PREREQUISITE_REQUIRED,MONGLE-W7-4-FAMILY-HOME-AND-DOMAIN-SINGLE-SOURCE-PRODUCT-INTEGRATION-001,"ALREADY_COMPLETE (real, confirmed by source comment)",features/family-album/FamilyAlbumPage.tsx,/family/album (view),"NONE_REQUIRED - already single-source, confirmed by direct current-code read + runtime regression this task",YES - confirmed via source read this task,"EXECUTED - Playwright runtime spot-check via real login, 0 console/page errors",NOT_RE_EXECUTED (unchanged from prior task's own responsive pass),"NOT_RE_EXECUTED (unchanged, not modified this task)","PRESERVED - not modified (except 2r, see its own row)",PRESERVED_NO_CHANGE,"real, confirmed by source comment",,,,,,,,,,,,,MONGLE-W7-4-CROSS-DOMAIN-PRODUCT-INTEGRATION-INDEPENDENT-QA-001,"NOT_INDEPENDENT (same session as implementer, this task's own conversation)",MATRIX_CONSISTENCY_ONLY - row-level classification/consumer/write-once integrity re-verified via automated diff this task; not individually runtime-exercised,"Automated CSV round-trip diff against HEAD (0 write-once column changes across all 64 rows); grep-based single-source consumer count (2 per Screen, confirmed for this row)",,,
19,1q,가족 구성원,FamilyMembersPreview,Route,/family/members,FamilyMembersPage,/family/members,FamilyMembersPage,imports FamilyMembersScreen/InvitationListScreen/FamilyActivityLogScreen/FamilyInviteCancelScreen/ChildInviteScreen from screens/family/,/__wave6/1q,NO,ProtectedRoute,real member list + activity log,LIVE_CANONICAL_INTEGRATED,None disclosed at top level,none,frontend/src/features/family-members/FamilyMembersPage.tsx,YES (E2E 1q),HIGH,none,,Not in initial LOW set -- no remediation required this pass,LIVE_CANONICAL_INTEGRATED,HIGH,ALREADY_COMPLETE,MONGLE-W7-4-FAMILY-HOME-AND-DOMAIN-SINGLE-SOURCE-PRODUCT-INTEGRATION-001,ALREADY_COMPLETE (real via GET /api/families/{id}/members),features/family-members/FamilyMembersPage.tsx,/family/members,"NONE_REQUIRED - already single-source, confirmed by direct current-code read + runtime regression this task",YES - confirmed via source read this task,"EXECUTED - Playwright runtime spot-check via real login, 0 console/page errors",NOT_RE_EXECUTED (unchanged from prior task's own responsive pass),"NOT_RE_EXECUTED (unchanged, not modified this task)","PRESERVED - not modified (except 2r, see its own row)",PRESERVED_NO_CHANGE,real via GET /api/families/{id}/members,,,,,,,,,,,,,MONGLE-W7-4-CROSS-DOMAIN-PRODUCT-INTEGRATION-INDEPENDENT-QA-001,"NOT_INDEPENDENT (same session as implementer, this task's own conversation)",MATRIX_CONSISTENCY_ONLY - row-level classification/consumer/write-once integrity re-verified via automated diff this task; not individually runtime-exercised,"Automated CSV round-trip diff against HEAD (0 write-once column changes across all 64 rows); grep-based single-source consumer count (2 per Screen, confirmed for this row)",,,
20,1r,온보딩,OnboardingPreview,Route,/onboarding,OnboardingFlowPage,/onboarding,OnboardingFlowPage,own docblock: canonical 1r (온보딩) ROOT_OF,/__wave6/1r,NO,ProtectedRoute,POST /api/families real,LIVE_CANONICAL_INTEGRATED,None for 1r itself (create-family step wired),none,frontend/src/features/family-onboarding/OnboardingFlowPage.tsx,YES (E2E 1r),HIGH,none,,Not in initial LOW set -- no remediation required this pass,LIVE_CANONICAL_INTEGRATED,HIGH,ALREADY_COMPLETE,MONGLE-W7-4-FAMILY-HOME-AND-DOMAIN-SINGLE-SOURCE-PRODUCT-INTEGRATION-001,"ALREADY_COMPLETE (real, confirmed by runtime spot-check)",features/family-onboarding/OnboardingFlowPage.tsx,/onboarding,"NONE_REQUIRED - already single-source, confirmed by direct current-code read + runtime regression this task",YES - confirmed via source read this task,"EXECUTED - Playwright runtime spot-check via real login, 0 console/page errors",NOT_RE_EXECUTED (unchanged from prior task's own responsive pass),"NOT_RE_EXECUTED (unchanged, not modified this task)","PRESERVED - not modified (except 2r, see its own row)",PRESERVED_NO_CHANGE,"real, confirmed by runtime spot-check",,,,,,,,,,,,,MONGLE-W7-4-CROSS-DOMAIN-PRODUCT-INTEGRATION-INDEPENDENT-QA-001,"NOT_INDEPENDENT (same session as implementer, this task's own conversation)",MATRIX_CONSISTENCY_ONLY - row-level classification/consumer/write-once integrity re-verified via automated diff this task; not individually runtime-exercised,"Automated CSV round-trip diff against HEAD (0 write-once column changes across all 64 rows); grep-based single-source consumer count (2 per Screen, confirmed for this row)",,,
21,1s,미션 반려,MissionRejectPreview,Modal,within /markpoint,MarkpointUserPage internal modal,/markpoint (modal),(mission reject screen),"MarkpointUser.tsx comment ""canonical 1s (미션 반려) - title/summary/reviewer/reason are all real""",/__wave6/1s,NO,ProtectedRoute,real reject data,LIVE_CANONICAL_INTEGRATED,None disclosed,none,frontend/src/platform/markpoint/MarkpointUser.tsx,NO,MEDIUM,spot-check runtime,,Not in initial LOW set -- no remediation required this pass,LIVE_CANONICAL_INTEGRATED,MEDIUM,READY_FOR_PARTIAL_INTEGRATION_COMPLETION,MONGLE-W7-4-MARKPOINT-SINGLE-SOURCE-PRODUCT-INTEGRATION-001,ALREADY_COMPLETE (real via own_weekly_detail's rejection_reason/reviewer_display_name (W7.5 Phase C)),platform/markpoint/MarkpointUser.tsx (mission-reject overlay),/markpoint (modal),"NONE_REQUIRED - already single-source, confirmed by direct current-code read this task",YES - confirmed via source read this task,NOT_RE_EXECUTED this specific screen (out of this task's own changed-file set; confirmed 0 diff on the overlay JSX itself),NOT_RE_EXECUTED (unchanged),NOT_RE_EXECUTED (unchanged),"PRESERVED - not modified, confirmed by diff",PRESERVED_NO_CHANGE,real via own_weekly_detail's rejection_reason/reviewer_display_name (W7.5 Phase C),,,,,,,,,,,,,MONGLE-W7-4-CROSS-DOMAIN-PRODUCT-INTEGRATION-INDEPENDENT-QA-001,"NOT_INDEPENDENT (same session as implementer, this task's own conversation)",MATRIX_CONSISTENCY_ONLY - row-level classification/consumer/write-once integrity re-verified via automated diff this task; not individually runtime-exercised,"Automated CSV round-trip diff against HEAD (0 write-once column changes across all 64 rows); grep-based single-source consumer count (2 per Screen, confirmed for this row)",,,
22,1t,와글 대화방 멤버 목록,ChatSettingsPreview,Modal,within /wagle,WagleRoomView internal panel (gear icon),/wagle (modal),(room member panel),"E2E spec test ""1t - Wagle room member list""; asserts GET /wagle/rooms/{id}/participants real",/__wave6/1t,NO,ProtectedRoute+WaglePinLock,real participants API,LIVE_CANONICAL_INTEGRATED,"No explicit ""canonical 1t"" code comment found but E2E-confirmed real",none,tests/e2e/specs-mongle/04-w75-data-wiring.spec.ts;frontend/src/platform/wagle/WagleRoomView.tsx,YES (E2E 1t),HIGH,add explicit canonical-marker comment for traceability (documentation only - not this task's to do),,Not in initial LOW set -- no remediation required this pass,LIVE_CANONICAL_INTEGRATED,HIGH,ALREADY_COMPLETE,MONGLE-W7-4-WAGLE-SINGLE-SOURCE-PRODUCT-INTEGRATION-001,ALREADY_COMPLETE (unchanged),WagleRoomView.tsx (unchanged),/wagle settings overlay (unchanged),NONE_REQUIRED - already single-source,YES (pre-existing),"NOT_EXECUTED this pass (regression-only target, no runtime available)",NOT_EXECUTED,NOT_EXECUTED,"Trigger button (wagle-open-settings) preserved verbatim in FamilyChatScreen header; ChatSettingsScreen overlay wiring untouched; roomParticipants fetch now runs on room-select instead of overlay-open (broadened, not narrowed) so settings model still receives real member data",NO_CHANGE_REQUIRED,"frontend/src/platform/wagle/WagleRoomView.tsx (buildChatSettingsModel, roomParticipants effect)",,,,,,,,,,,,,MONGLE-W7-4-CROSS-DOMAIN-PRODUCT-INTEGRATION-INDEPENDENT-QA-001,INDEPENDENT (separate prior session implemented it),MATRIX_CONSISTENCY_ONLY - row-level classification/consumer/write-once integrity re-verified via automated diff this task; not individually runtime-exercised,"Automated CSV round-trip diff against HEAD (0 write-once column changes across all 64 rows); grep-based single-source consumer count (2 per Screen, confirmed for this row)",,,
23,1u,PIN 변경,PinChangePreview,Modal,within /profile,ProfilePage internal view ('pin'),/profile (view),PinChangeScreen,ProfilePage.tsx imports PinChangeScreen; listed among 1f's nested 9,/__wave6/1u,NO,ProtectedRoute,not explicitly confirmed real vs fixture in docblock,PARTIALLY_INTEGRATED,Canonical screen rendered in real render chain but backend wiring for actual PIN change not explicitly confirmed by comments,none,frontend/src/pages/profile/ProfilePage.tsx,NO,LOW,verify real API call exists for PIN change,"frontend/src/pages/profile/ProfilePage.tsx line ~230: <PinChangeScreen onBack={...} onComplete={() => setView('settings')} /> -- no model prop, no API call in either handler","Classification unchanged (already PARTIALLY_INTEGRATED). Confirmed by direct code read: canonical Screen renders in real chain but onComplete is a pure navigation no-op, zero backend wiring.",PARTIALLY_INTEGRATED,HIGH,READY_FOR_WIRING,MONGLE-W7-4-FAMILY-HOME-AND-DOMAIN-SINGLE-SOURCE-PRODUCT-INTEGRATION-001,"DEFERRED - DEFER_CONFIRMED_BLOCKER - PIN 4-digit-Screen-vs-6-digit-backend DESIGN_CONTRACT_MISMATCH/HUMAN_GATE, found by MONGLE-W7-5-DATA-AND-BEHAVIOR-WIRING-001 Phase B, independently re-confirmed unreopened by this session's own MONGLE-W7-4-AUTH-SINGLE-SOURCE-PRODUCT-INTEGRATION-001",N/A - not implemented,N/A,DEFER_CONFIRMED_BLOCKER,N/A - blocked before single-sourcing question applies,NOT_APPLICABLE,NOT_APPLICABLE,NOT_APPLICABLE,PRESERVED - not touched,DEFERRED_CONFIRMED_BLOCKER,"DEFER_CONFIRMED_BLOCKER - PIN 4-digit-Screen-vs-6-digit-backend DESIGN_CONTRACT_MISMATCH/HUMAN_GATE, found by MONGLE-W7-5-DATA-AND-BEHAVIOR-WIRING-001 Phase B, independently re-confirmed unreopened by this session's own MONGLE-W7-4-AUTH-SINGLE-SOURCE-PRODUCT-INTEGRATION-001",,,,,,,,,,,,,MONGLE-W7-4-CROSS-DOMAIN-PRODUCT-INTEGRATION-INDEPENDENT-QA-001,"NOT_INDEPENDENT (same session as implementer, this task's own conversation)",MATRIX_CONSISTENCY_ONLY - row-level classification/consumer/write-once integrity re-verified via automated diff this task; not individually runtime-exercised,"Automated CSV round-trip diff against HEAD (0 write-once column changes across all 64 rows); grep-based single-source consumer count (2 per Screen, confirmed for this row)",,,
24,1v,가족 규칙,FamilyRulesPreview,Route,/family/rules,FamilyRulesPage,/family/rules,FamilyRulesPage,"own docblock ""canonical 1v W7.5 Phase D SLICE-FAMILY-RULES""",/__wave6/1v,NO,ProtectedRoute,read real; edit not wired (no form on frozen screen),PARTIALLY_INTEGRATED,Editing has no form behind Save/select/add on frozen screen,none (design-contract gap),frontend/src/features/family-rules/FamilyRulesPage.tsx,NO,HIGH,GAP-D - PM/design decision,,Not in initial LOW set -- no remediation required this pass,PARTIALLY_INTEGRATED,HIGH,DESIGN_DECISION_REQUIRED,MONGLE-W7-4-FAMILY-HOME-AND-DOMAIN-SINGLE-SOURCE-PRODUCT-INTEGRATION-001,"DEFERRED - DESIGN_DECISION_REQUIRED - real read path exists (GET-wired, error-state handled), but the rule create/edit input controls are missing (W7.5 Phase D's own recurring finding); not re-derived here, only re-confirmed unchanged",N/A - not implemented,N/A,DEFER_CONFIRMED_BLOCKER,N/A - blocked before single-sourcing question applies,NOT_APPLICABLE,NOT_APPLICABLE,NOT_APPLICABLE,PRESERVED - not touched,DEFERRED_CONFIRMED_BLOCKER,"DESIGN_DECISION_REQUIRED - real read path exists (GET-wired, error-state handled), but the rule create/edit input controls are missing (W7.5 Phase D's own recurring finding); not re-derived here, only re-confirmed unchanged",,,,,,,,,,,,,MONGLE-W7-4-CROSS-DOMAIN-PRODUCT-INTEGRATION-INDEPENDENT-QA-001,"NOT_INDEPENDENT (same session as implementer, this task's own conversation)",MATRIX_CONSISTENCY_ONLY - row-level classification/consumer/write-once integrity re-verified via automated diff this task; not individually runtime-exercised,"Automated CSV round-trip diff against HEAD (0 write-once column changes across all 64 rows); grep-based single-source consumer count (2 per Screen, confirmed for this row)",,,
25,1w,사진 검색,AlbumSearchPreview,Modal,within /family/album,FamilyAlbumPage internal view,/family/album (view),(album search screen),"FamilyAlbumPage.tsx docblock ""1p/1w/2y real""",/__wave6/1w,NO,ProtectedRoute,real search,LIVE_CANONICAL_INTEGRATED,None disclosed,none,frontend/src/features/family-album/FamilyAlbumPage.tsx,NO,MEDIUM,spot-check runtime,,Not in initial LOW set -- no remediation required this pass,LIVE_CANONICAL_INTEGRATED,MEDIUM,READY_FOR_PARTIAL_INTEGRATION_COMPLETION,MONGLE-W7-4-FAMILY-HOME-AND-DOMAIN-SINGLE-SOURCE-PRODUCT-INTEGRATION-001,"ALREADY_COMPLETE (real, confirmed by source comment)",features/family-album/FamilyAlbumPage.tsx,/family/album (search),"NONE_REQUIRED - already single-source, confirmed by direct current-code read + runtime regression this task",YES - confirmed via source read this task,"EXECUTED - Playwright runtime spot-check via real login, 0 console/page errors",NOT_RE_EXECUTED (unchanged from prior task's own responsive pass),"NOT_RE_EXECUTED (unchanged, not modified this task)","PRESERVED - not modified (except 2r, see its own row)",PRESERVED_NO_CHANGE,"real, confirmed by source comment",,,,,,,,,,,,,MONGLE-W7-4-CROSS-DOMAIN-PRODUCT-INTEGRATION-INDEPENDENT-QA-001,"NOT_INDEPENDENT (same session as implementer, this task's own conversation)",MATRIX_CONSISTENCY_ONLY - row-level classification/consumer/write-once integrity re-verified via automated diff this task; not individually runtime-exercised,"Automated CSV round-trip diff against HEAD (0 write-once column changes across all 64 rows); grep-based single-source consumer count (2 per Screen, confirmed for this row)",,,
26,1x,주간 리포트,WeeklyReportPreview,Route,none found,none found,none,WeeklyReportPreview,"no ""canonical 1x"" marker found",/__wave6/1x,NO,none,none,CANONICAL_PREVIEW_ONLY,No real consumer reference found,none,(search only),NO,MEDIUM,confirm via PM,,Not in initial LOW set -- no remediation required this pass,CANONICAL_PREVIEW_ONLY,MEDIUM,DESIGN_DECISION_REQUIRED,MONGLE-W7-4-MARKPOINT-SINGLE-SOURCE-PRODUCT-INTEGRATION-001,"DEFERRED - DESIGN_DECISION_REQUIRED (confirmed, not implemented)",N/A - not implemented,"N/A - no live route, only /__wave6/1x preview; grep-confirmed no other file in the repository (frontend or backend) references it in any form",DEFER_CONFIRMED_BLOCKER,"NO - no extracted canonical Screen exists (pages/WeeklyReportPreview is a static ui-only stub with no props/model contract, never live-wired)",NOT_APPLICABLE,NOT_APPLICABLE,NOT_APPLICABLE,PRESERVED - not touched,DEFERRED_CONFIRMED_BLOCKER,"Ownership re-derived per this task's own instruction to distinguish data/screen/navigation/container ownership: its content (points/missions/level badge) is Markpoint DATA-shaped, but zero real Product Entry, Container, or navigation trigger exists anywhere in the app for it (grep-confirmed) -- no other domain claims it either, so it is counted in the Markpoint denominator by data ownership, genuinely blocked on a real design decision (where/how it would even be entered from), not force-implemented.",,,,,,,,,,,,,MONGLE-W7-4-CROSS-DOMAIN-PRODUCT-INTEGRATION-INDEPENDENT-QA-001,"NOT_INDEPENDENT (same session as implementer, this task's own conversation)",CONFIRMED NO PRODUCT ENTRY - grep re-confirmed 0 real Product Entry/Container/navigation anywhere in frontend or backend for 1x this task,See this task's own QA evidence for exact commands/screenshots/logs,,,
27,1z,기본 모달 (specimen),BasicModalPreview,none (design specimen),none,none,none,BasicModalPreview,no marker found; name suggests generic component-state specimen,/__wave6/1z,NO,none,none,NO_LIVE_CONSUMER_REQUIRED,Appears to be a pure design/component-state specimen not an independent product surface,none,(inferred from naming - not confirmed with PM),NO,LOW,PM confirmation needed to convert from CANONICAL_PREVIEW_ONLY候補 to confirmed NO_LIVE_CONSUMER_REQUIRED,"frontend/src/pages/BasicModalPreview/index.tsx: explicit data-implementation-mode=""ui-only"" attribute; component's own copy self-describes as ""관리자 화면에서 사용하는 확인 모달 예시입니다"" (an example/specimen of a generic admin confirm-dialog pattern, not a dedicated screen)","PM confirmation of specimen status is still recommended (see PM Decision Docket), but code-level evidence (explicit ui-only marker + self-describing example copy) is now direct, not inferred from naming alone.",NO_LIVE_CONSUMER_REQUIRED,HIGH,NO_IMPLEMENTATION_REQUIRED,,,,,,,,,,,,,,,,,,,,,,,,,MONGLE-W7-4-CROSS-DOMAIN-PRODUCT-INTEGRATION-INDEPENDENT-QA-001,N/A - no implementation task,MATRIX_CONSISTENCY_ONLY - row-level classification/consumer/write-once integrity re-verified via automated diff this task; not individually runtime-exercised,"Automated CSV round-trip diff against HEAD (0 write-once column changes across all 64 rows); grep-based single-source consumer count (2 per Screen, confirmed for this row)",,,
28,2a,사용자 관리 상세,UserManagementDetailPreview,Route,none found,none found,none,UserManagementDetailPreview,"no ""canonical 2a"" marker found; possible AdminDashboard PlayerView equivalent not confirmed",/__wave6/2a,possibly AdminDashboard PlayerView (not confirmed as same canonical screen),none,none,CANONICAL_PREVIEW_ONLY,No confirmed real consumer found via marker search,none,(search only),NO,LOW,verify against AdminDashboard/views/PlayerView,"frontend/src/pages/AdminDashboard/views/PlayerView/PlayerView.tsx (usePlayerView hook: changePin/updatePlayer/createPlayer/deletePlayer/achievementRate against live backend; handleToggleLock calls real adminApi.lockPlayer); canonical preview carries data-implementation-mode=""ui-only"" marker",Real functional equivalent (user/player management detail) exists in AdminDashboard PlayerView using legacy/custom components. Reclassified from CANONICAL_PREVIEW_ONLY to LEGACY_LIVE_UI_ACTIVE.,LEGACY_LIVE_UI_ACTIVE,HIGH,READY_FOR_LEGACY_REPLACEMENT,MONGLE-W7-4-ADMIN-SINGLE-SOURCE-PRODUCT-INTEGRATION-001,IMPLEMENTED (was READY_FOR_LEGACY_REPLACEMENT),"PlayerView.tsx (Product Container/adapter, new)","/admin players → PlayerProfileCard ""상세보기""",CREATE_MINIMAL_PRODUCT_CONTAINER,YES - UserManagementDetailPreview and PlayerView both render screens/admin/UserManagementDetail/UserManagementDetailScreen.tsx,Not executed this pass - no runtime available; lint+typecheck+build PASS,NOT_EXECUTED,"NOT_EXECUTED; UserManagementDetailPreview statically reviewed - unchanged fixture render, canonical marker present exactly once","PlayerProfileCard's existing real actions (PIN change/photo/lock/visibility/delete) untouched, unchanged signatures; new detail drill-down adds a real lock-toggle action. 보유 포인트/누적 획득/교환 횟수/레벨/가입일/알림/보호자 승인 disclosed as TRUE_FUNCTIONAL_GAP (""—"" placeholder, no such field in the Admin Player API) rather than fabricated",IMPLEMENTED (partial - see disclosed field gaps),frontend/src/screens/admin/UserManagementDetail/**; frontend/src/pages/UserManagementDetailPreview/index.tsx; frontend/src/pages/AdminDashboard/views/PlayerView/PlayerView.tsx; .../components/PlayerProfileCard.tsx,,,,,,,,,,,,,MONGLE-W7-4-CROSS-DOMAIN-PRODUCT-INTEGRATION-INDEPENDENT-QA-001,INDEPENDENT (separate prior session implemented it),"CODE-LEVEL PASS; UserManagementDetail import confirmed in PlayerView.tsx, disclosed '-' placeholders for unsupported fields confirmed honest, not fabricated",See this task's own QA evidence for exact commands/screenshots/logs,MONGLE-W7-4-ADMIN-ACCOUNT-AUTH-ACCESS-CONTRACT-REMEDIATION-001,"DEFECT-001_FIXED_DEVELOPER_SELF_CHECK (route-guard/identity layer only, this Screen unchanged)",agent-system/qa/MONGLE-W7-4-ADMIN-ACCOUNT-AUTH-ACCESS-CONTRACT-REMEDIATION-001.md
29,2b,파일 뷰어 (와글 첨부),FileViewerPreview,Modal,none (policy blocked),none,none,FileViewerPreview,"no live consumer; consistent with FamilyAlbumPage/ProfilePage disclosed ""no storage abstraction"" gate",/__wave6/2b,NO,none,none,POLICY_BLOCKED,SLICE-WAGLE-ATTACHMENTS explicitly policy/infra blocked per W7.5 PM Decision Package (storage infra decision required),INFRASTRUCTURE_BLOCKED,engineering/phase2/MONGLE_W7_5_PM_DECISION_PACKAGE.md (GATE-2B storage decision - referenced by this session's prior W7.5 work; not re-read verbatim this pass),NO,MEDIUM,GAP-F - resolve storage infra decision (GATE-2B),"frontend/src/features/family-album/FamilyAlbumPage.tsx docblock: ""No storage abstraction exists anywhere in the backend (same gate as avatar upload, 2z)"" -- this session's own prior W7.5 governance record (MONGLE_W7_5_PM_DECISION_PACKAGE.md) already distinguishes this exact gate as GATE-2B, ""an infrastructure question, not a product-policy question""","Primary_Classification (POLICY_BLOCKED) preserved as originally recorded, per Section 15's write-once rule. Corrected in Final_Classification: no policy/UX decision blocks this -- the blocker is a pure absent technical prerequisite (no storage service/API exists at all), matching Section 9/10's own instruction not to keep POLICY_BLOCKED for a plain unimplemented-infrastructure case.",INFRASTRUCTURE_BLOCKED,HIGH,INFRASTRUCTURE_PREREQUISITE_REQUIRED,MONGLE-W7-4-WAGLE-SINGLE-SOURCE-PRODUCT-INTEGRATION-001,"INFRASTRUCTURE_PREREQUISITE_REQUIRED (unchanged, deferred)",N/A - no storage abstraction exists,N/A,DEFER_CONFIRMED_BLOCKER,N/A (blocked),N/A,N/A,NOT_EXECUTED,"wagle-open-files trigger preserved verbatim in FamilyChatScreen header; FileViewerScreen overlay still real-triggerable, still fixture-backed pending storage infra (same disclosed gap as before, not widened or narrowed)",DEFERRED,Same storage-abstraction gate as 1h/1p/2v (INFRASTRUCTURE_BLOCKED); no backend/storage change in this Task's scope,,,,,,,,,,,,,MONGLE-W7-4-CROSS-DOMAIN-PRODUCT-INTEGRATION-INDEPENDENT-QA-001,INDEPENDENT (separate prior session implemented it),MATRIX_CONSISTENCY_ONLY - row-level classification/consumer/write-once integrity re-verified via automated diff this task; not individually runtime-exercised,"Automated CSV round-trip diff against HEAD (0 write-once column changes across all 64 rows); grep-based single-source consumer count (2 per Screen, confirmed for this row)",,,
30,2c,레벨업 축하,LevelUpPreview,Modal,within /markpoint,MarkpointUserPage internal modal (manually triggered),/markpoint (modal),(level-up screen),"MarkpointUser.tsx comment ""canonical 2c (레벨업 축하) - manually triggered here""",/__wave6/2c,NO,ProtectedRoute,triggered client-side on real level-up event,LIVE_CANONICAL_INTEGRATED,None disclosed,none,frontend/src/platform/markpoint/MarkpointUser.tsx,NO,MEDIUM,spot-check runtime trigger,,Not in initial LOW set -- no remediation required this pass,LIVE_CANONICAL_INTEGRATED,MEDIUM,READY_FOR_PARTIAL_INTEGRATION_COMPLETION,MONGLE-W7-4-MARKPOINT-SINGLE-SOURCE-PRODUCT-INTEGRATION-001,"ALREADY_COMPLETE (real level/levelTitle data (GET /api/me/markpoint/level); bonusPoints:0 and the manual-only trigger are both disclosed absences, not placeholders -- no level-up bonus mechanic or backend push support exists anywhere (grep-confirmed, W7.5 Phase C), a real economy/business-rule decision out of this task's authority, not a wiring gap)",platform/markpoint/MarkpointUser.tsx (level-up overlay),"/markpoint (modal, manual trigger)","NONE_REQUIRED - already single-source, confirmed by direct current-code read this task",YES - confirmed via source read this task,NOT_RE_EXECUTED this specific screen (out of this task's own changed-file set; confirmed 0 diff on the overlay JSX itself),NOT_RE_EXECUTED (unchanged),NOT_RE_EXECUTED (unchanged),"PRESERVED - not modified, confirmed by diff",PRESERVED_NO_CHANGE,"real level/levelTitle data (GET /api/me/markpoint/level); bonusPoints:0 and the manual-only trigger are both disclosed absences, not placeholders -- no level-up bonus mechanic or backend push support exists anywhere (grep-confirmed, W7.5 Phase C), a real economy/business-rule decision out of this task's authority, not a wiring gap",,,,,,,,,,,,,MONGLE-W7-4-CROSS-DOMAIN-PRODUCT-INTEGRATION-INDEPENDENT-QA-001,"NOT_INDEPENDENT (same session as implementer, this task's own conversation)",MATRIX_CONSISTENCY_ONLY - row-level classification/consumer/write-once integrity re-verified via automated diff this task; not individually runtime-exercised,"Automated CSV round-trip diff against HEAD (0 write-once column changes across all 64 rows); grep-based single-source consumer count (2 per Screen, confirmed for this row)",,,
31,2e,미션 관리,MissionManagementPreview,Route,none found,none found,none,MissionManagementPreview,"no ""canonical 2e"" marker found; possible AdminDashboard MissionView equivalent not confirmed",/__wave6/2e,possibly AdminDashboard MissionView (not confirmed),none,none,CANONICAL_PREVIEW_ONLY,No confirmed real consumer found,none,(search only),NO,LOW,verify against AdminDashboard/views/MissionView,"frontend/src/pages/AdminDashboard/views/MissionView/MissionView.tsx (same real hook as 1m -- updateMission/deleteMission cover mission-management scope); canonical preview carries data-implementation-mode=""ui-only"" marker",Real functional equivalent (mission management) exists in AdminDashboard MissionView. Reclassified from CANONICAL_PREVIEW_ONLY to LEGACY_LIVE_UI_ACTIVE.,LEGACY_LIVE_UI_ACTIVE,HIGH,READY_FOR_LEGACY_REPLACEMENT,MONGLE-W7-4-ADMIN-SINGLE-SOURCE-PRODUCT-INTEGRATION-001,DEFER_CONFIRMED_BLOCKER (was READY_FOR_LEGACY_REPLACEMENT; downgraded on code evidence found this session),MissionView.tsx - NOT MODIFIED this Task,/admin/missions,DEFER_CONFIRMED_BLOCKER,N/A (deferred),N/A,N/A,N/A,Untouched - MissionView.tsx not modified by this Task,"DEFERRED (newly-discovered structural conflict, see report Section 6)","Real MissionView already provides WeeklyGrid, template management, bulk-approve, import, and per-card approve/reject/edit/delete/undo - materially richer than the canonical table mockup's edit/delete-only row + status-tab + search contract; a literal swap would regress real capability. No code change made without a PM/design reconciliation decision",MONGLE-W7-4-ADMIN-CANONICAL-CONTRACT-EXPANSION-001,DEFER_CONFIRMED_BLOCKER (MONGLE-W7-4-ADMIN-SINGLE-SOURCE-PRODUCT-INTEGRATION-001),IMPLEMENTED,Expanded MissionManagementModel/Props: typed stats/playerOptions/selectedPlayerId/selectedDate/filterStatus/searchQuery/rows(AdminDataGrid)/canBulkApprove/loading + weekGridSlot + proposedSlot composition slots,MissionView.tsx (Product Container),MERGE_CANONICAL_INTO_EXISTING_CONTAINER + slot composition for WeeklyGrid/ProposedMissionSection,"WeeklyGrid (untouched, real, composed as slot), templates (TemplateManager/TemplateModal, untouched, triggered via onOpenTemplates), bulk approval (real handleBulkApprove, both WeeklyGrid-cell and standalone canBulkApprove button), per-mission approve/reject/edit/edit-template/delete/undo (MissionCard/MissionCardEdit, untouched, composed via AdminDataGrid renderRow), import (ImportMissionModal, untouched). Newly real (not previously wired): status filter (전체/활성/완료) and text search, both pure client-side over already-loaded missions, zero new API calls. Stat cards now show real counts instead of the frozen fixture's static values.",Not executed this pass - no runtime available; lint+typecheck+build PASS; component composition verified via source read (WeeklyGrid/MissionCard/MissionCardEdit/ProposedMissionSection imports and prop-shapes unchanged),"NOT_EXECUTED - no runtime available; AdminDataGrid's card-grid mode reuses the existing auto-fill minmax(280px,1fr) responsive pattern already used elsewhere in this codebase","NOT_EXECUTED; MissionManagementPreview statically reviewed - renders MissionManagementScreen with missionManagementFixture, no weekGridSlot/proposedSlot (both optional, correctly omitted), canonical marker present exactly once",STATIC_AND_COMPONENT_VALIDATION_ONLY / RUNTIME_VERIFICATION_PENDING,"frontend/src/screens/admin/MissionManagement/**, frontend/src/screens/admin/MissionManagement/components/AdminDataGrid/** (new Screen-local common component), frontend/src/pages/AdminDashboard/views/MissionView/MissionView.tsx, frontend/src/pages/MissionManagementPreview/index.tsx",MONGLE-W7-4-CROSS-DOMAIN-PRODUCT-INTEGRATION-INDEPENDENT-QA-001,INDEPENDENT (separate prior session implemented it),"CODE-LEVEL PASS; MissionManagement + AdminDataGrid (1 real consumer, screen-local) confirmed; WeeklyGrid/MissionCard/MissionCardEdit/ProposedMissionSection confirmed unmodified via diff",See this task's own QA evidence for exact commands/screenshots/logs,MONGLE-W7-4-ADMIN-ACCOUNT-AUTH-ACCESS-CONTRACT-REMEDIATION-001,"DEFECT-001_FIXED_DEVELOPER_SELF_CHECK (route-guard/identity layer only, this Screen unchanged)",agent-system/qa/MONGLE-W7-4-ADMIN-ACCOUNT-AUTH-ACCESS-CONTRACT-REMEDIATION-001.md
32,2f,자녀 초대,ChildInvitePreview,Modal,within /family/members,FamilyMembersPage internal view,/family/members (view),ChildInviteScreen,FamilyMembersPage.tsx imports ChildInviteScreen,/__wave6/2f,NO,ProtectedRoute,not explicitly confirmed real vs fixture,PARTIALLY_INTEGRATED,Canonical screen present in real render chain; backend wiring completeness not explicitly confirmed by comment,none,frontend/src/features/family-members/FamilyMembersPage.tsx,NO,LOW,verify real invite-creation API call,"frontend/src/features/family-members/FamilyMembersPage.tsx line ~183: <ChildInviteScreen model={childInviteFixture} onApprove={() => setView('main')} onDismiss={() => setView('main')} /> -- fixture model, no API call; page's own docblock explicitly states ""2f/2p/2r/3i remain fixture""",Classification unchanged (already PARTIALLY_INTEGRATED). Confirmed by direct code read + explicit docblock disclosure.,PARTIALLY_INTEGRATED,HIGH,READY_FOR_WIRING,MONGLE-W7-4-FAMILY-HOME-AND-DOMAIN-SINGLE-SOURCE-PRODUCT-INTEGRATION-001,"DEFERRED - POLICY_BLOCKED - Invitation type keyed on email, excluded by decision D2 from the Account-native model entirely (W7.5 Phase C finding, folded together with 2p/2w/3i under the same invitation-model gate); re-confirmed this task by direct source read: features/family-members/FamilyMembersPage.tsx's child-invite view still renders only childInviteFixture with no-op onApprove/onDismiss",N/A - not implemented,N/A,DEFER_CONFIRMED_BLOCKER,N/A - blocked before single-sourcing question applies,NOT_APPLICABLE,NOT_APPLICABLE,NOT_APPLICABLE,PRESERVED - not touched,DEFERRED_CONFIRMED_BLOCKER,"POLICY_BLOCKED - Invitation type keyed on email, excluded by decision D2 from the Account-native model entirely (W7.5 Phase C finding, folded together with 2p/2w/3i under the same invitation-model gate); re-confirmed this task by direct source read: features/family-members/FamilyMembersPage.tsx's child-invite view still renders only childInviteFixture with no-op onApprove/onDismiss",,,,,,,,,,,,,MONGLE-W7-4-CROSS-DOMAIN-PRODUCT-INTEGRATION-INDEPENDENT-QA-001,"NOT_INDEPENDENT (same session as implementer, this task's own conversation)","CONFIRMED STILL FIXTURE - FamilyMembersPage.tsx's child-invite view renders only childInviteFixture with no-op callbacks, re-verified this task",See this task's own QA evidence for exact commands/screenshots/logs,,,
33,2g,채팅 답장,ChatReplyPreview,Modal,within /wagle,WagleRoomView internal reply flow,/wagle (modal),(reply composer),"WagleRoomView.tsx comment ""canonical 2g (채팅 답장 W7.5 Phase C)... reply_to_message_id""",/__wave6/2g,NO,ProtectedRoute+WaglePinLock,real reply_to_message_id sent to backend,LIVE_CANONICAL_INTEGRATED,None - confirmed by E2E,none,frontend/src/platform/wagle/WagleRoomView.tsx,YES (E2E 2g),HIGH,none,,Not in initial LOW set -- no remediation required this pass,LIVE_CANONICAL_INTEGRATED,HIGH,ALREADY_COMPLETE,MONGLE-W7-4-WAGLE-SINGLE-SOURCE-PRODUCT-INTEGRATION-001,ALREADY_COMPLETE (unchanged),WagleRoomView.tsx (unchanged),/wagle reply overlay (unchanged),NONE_REQUIRED - already single-source,YES (pre-existing),NOT_EXECUTED this pass,NOT_EXECUTED,NOT_EXECUTED,"2g contract preserved: CHILD_OF parent chat surface, NO_ROUTE, KEEP_PAGE_LOCAL, INLINE_OVERLAY - no route created, reply trigger (wagle-reply-{id}) now lives in FamilyChatScreen but calls the same onReplyMessage callback into WagleRoomView's existing replyTarget/showReplyOverlay state and ChatReplyScreen overlay, unchanged",NO_CHANGE_REQUIRED,"frontend/src/platform/wagle/WagleRoomView.tsx (onReplyMessage handler, replyOverlay block); frontend/src/screens/wagle/FamilyChat/FamilyChatScreen.tsx (reply trigger button)",,,,,,,,,,,,,MONGLE-W7-4-CROSS-DOMAIN-PRODUCT-INTEGRATION-INDEPENDENT-QA-001,INDEPENDENT (separate prior session implemented it),MATRIX_CONSISTENCY_ONLY - row-level classification/consumer/write-once integrity re-verified via automated diff this task; not individually runtime-exercised,"Automated CSV round-trip diff against HEAD (0 write-once column changes across all 64 rows); grep-based single-source consumer count (2 per Screen, confirmed for this row)",,,
34,2h,교환 확인,ExchangeConfirmPreview,Modal,within /markpoint,MarkpointUserPage internal modal,/markpoint (modal),(exchange confirm screen),"MarkpointUser.tsx comment ""canonical 2h (교환 확인) - reached by selecting a reward""",/__wave6/2h,NO,ProtectedRoute,real reward selection flow,LIVE_CANONICAL_INTEGRATED,None disclosed,none,frontend/src/platform/markpoint/MarkpointUser.tsx,NO,MEDIUM,spot-check runtime,,Not in initial LOW set -- no remediation required this pass,LIVE_CANONICAL_INTEGRATED,MEDIUM,READY_FOR_PARTIAL_INTEGRATION_COMPLETION,MONGLE-W7-4-MARKPOINT-SINGLE-SOURCE-PRODUCT-INTEGRATION-001,"ALREADY_COMPLETE (real redemption endpoint (self-service Ledger debit); failure surfaces via redeemError, never silently closes)",platform/markpoint/MarkpointUser.tsx (exchange-confirm overlay),/markpoint (modal),"NONE_REQUIRED - already single-source, confirmed by direct current-code read this task",YES - confirmed via source read this task,NOT_RE_EXECUTED this specific screen (out of this task's own changed-file set; confirmed 0 diff on the overlay JSX itself),NOT_RE_EXECUTED (unchanged),NOT_RE_EXECUTED (unchanged),"PRESERVED - not modified, confirmed by diff",PRESERVED_NO_CHANGE,"real redemption endpoint (self-service Ledger debit); failure surfaces via redeemError, never silently closes",,,,,,,,,,,,,MONGLE-W7-4-CROSS-DOMAIN-PRODUCT-INTEGRATION-INDEPENDENT-QA-001,"NOT_INDEPENDENT (same session as implementer, this task's own conversation)",MATRIX_CONSISTENCY_ONLY - row-level classification/consumer/write-once integrity re-verified via automated diff this task; not individually runtime-exercised,"Automated CSV round-trip diff against HEAD (0 write-once column changes across all 64 rows); grep-based single-source consumer count (2 per Screen, confirmed for this row)",,,
35,2i,보호자 대시보드,ParentDashboardPreview,Route,none found,none found,none,ParentDashboardPreview,"no ""canonical 2i"" marker found; possible AdminDashboard DashboardView equivalent not confirmed",/__wave6/2i,possibly AdminDashboard DashboardView (not confirmed - different design),none,none,CANONICAL_PREVIEW_ONLY,No confirmed real consumer found via marker search,none,(search only),NO,LOW,verify against AdminDashboard/views/DashboardView,"frontend/src/pages/AdminDashboard/views/DashboardView/DashboardView.tsx (useAdminData hook: players/missions/notifications/dailyPoints/stats/missionRanking/cycle all real); canonical preview carries data-implementation-mode=""ui-only"" marker",Real functional equivalent (parent/guardian dashboard) exists in AdminDashboard DashboardView. Reclassified from CANONICAL_PREVIEW_ONLY to LEGACY_LIVE_UI_ACTIVE.,LEGACY_LIVE_UI_ACTIVE,HIGH,READY_FOR_LEGACY_REPLACEMENT,MONGLE-W7-4-ADMIN-SINGLE-SOURCE-PRODUCT-INTEGRATION-001,DEFER_CONFIRMED_BLOCKER (was READY_FOR_LEGACY_REPLACEMENT; downgraded on code evidence found this session),"DashboardView.tsx - functionally superseding, not modified for this conflict",/admin (dashboard root),DEFER_CONFIRMED_BLOCKER,N/A (deferred),N/A,N/A,N/A,"Untouched for this conflict (DashboardView was modified for 1m/2m/2x/3b, all additive)","DEFERRED (newly-discovered structural conflict, see report Section 6)","DashboardView already exceeds 2i's simple mockup (PlayerStatusCard, BalanceSection, RecentAlerts, PendingMissionCard, WeeklyActivityChart, MissionRanking vs. 2i's 2-column stat+feed layout) - same 'real page richer than frozen mockup' shape already established for 1b/1c/1d by MONGLE-W7-4-PRODUCT-STRUCTURE-INTEGRATION-001 (REOPENED); forcing 2i's simpler visual would delete real, already-integrated features",MONGLE-W7-4-ADMIN-CANONICAL-CONTRACT-EXPANSION-001,DEFER_CONFIRMED_BLOCKER (MONGLE-W7-4-ADMIN-SINGLE-SOURCE-PRODUCT-INTEGRATION-001),IMPLEMENTED,"Expanded ParentDashboardModel/Props: typed title/cycleLabel/statCards(4, real)/selectedStatCard + detailPanelSlot + 6 named section slots (playerStatusSlot/balanceSlot/alertsSlot/pendingMissionSlot/weeklyActivitySlot/rankingSlot) + overlaysSlot",DashboardView.tsx (Product Container),MERGE_CANONICAL_INTO_EXISTING_CONTAINER + named slot composition for the 6 real sections,"All 6 real sections (PlayerStatusCard, BalanceSection, RecentAlerts, PendingMissionCard, WeeklyActivityChart, MissionRanking) composed unchanged via slots -- 0 internal logic touched. All 4 previously-wired canonical overlays (1m/2m/2x/3b from MONGLE-W7-4-ADMIN-SINGLE-SOURCE-PRODUCT-INTEGRATION-001) preserved unchanged inside overlaysSlot. Real 4 stat cards (이번 주기 진행률/활성 미션/승인 대기/이번 주기 완료) now exposed through canonical's own typed statCards contract instead of ad hoc JSX.",Not executed this pass - no runtime available; lint+typecheck+build PASS; slot composition verified via source read (PlayerStatusCard/BalanceSection/RecentAlerts/PendingMissionCard/WeeklyActivityChart/MissionRanking/ActiveMissionDetailModal imports and prop-shapes unchanged),NOT_EXECUTED - no runtime available,"NOT_EXECUTED; ParentDashboardPreview statically reviewed - renders ParentDashboardScreen with parentDashboardFixture + 2 placeholder slots (playerStatusSlot/pendingMissionSlot) for visual completeness, canonical marker present exactly once, no Product import",STATIC_AND_COMPONENT_VALIDATION_ONLY / RUNTIME_VERIFICATION_PENDING,"frontend/src/screens/admin/ParentDashboard/**, frontend/src/pages/AdminDashboard/views/DashboardView/DashboardView.tsx, frontend/src/pages/ParentDashboardPreview/index.tsx",MONGLE-W7-4-CROSS-DOMAIN-PRODUCT-INTEGRATION-INDEPENDENT-QA-001,INDEPENDENT (separate prior session implemented it),"CODE-LEVEL PASS; ParentDashboard confirmed composing all 6 real sections as slots in DashboardView.tsx, 0 diff on the 6 real section components",See this task's own QA evidence for exact commands/screenshots/logs,MONGLE-W7-4-ADMIN-ACCOUNT-AUTH-ACCESS-CONTRACT-REMEDIATION-001,"DEFECT-001_FIXED_DEVELOPER_SELF_CHECK (route-guard/identity layer only, this Screen unchanged)",agent-system/qa/MONGLE-W7-4-ADMIN-ACCOUNT-AUTH-ACCESS-CONTRACT-REMEDIATION-001.md
36,2j,리워드샵,RewardShopPreview,Modal,within /markpoint,MarkpointUserPage internal modal,/markpoint (modal),(reward shop screen),"MarkpointUser.tsx comment ""canonical 2j (리워드샵) - rewards/cost/availability are real""",/__wave6/2j,NO,ProtectedRoute,real reward catalog,LIVE_CANONICAL_INTEGRATED,None disclosed,none,frontend/src/platform/markpoint/MarkpointUser.tsx,NO,HIGH,none,,Not in initial LOW set -- no remediation required this pass,LIVE_CANONICAL_INTEGRATED,HIGH,ALREADY_COMPLETE,MONGLE-W7-4-MARKPOINT-SINGLE-SOURCE-PRODUCT-INTEGRATION-001,ALREADY_COMPLETE (real via the same reward catalog API as 1l; balance real),platform/markpoint/MarkpointUser.tsx (reward-shop overlay),/markpoint (modal),"NONE_REQUIRED - already single-source, confirmed by direct current-code read this task",YES - confirmed via source read this task,NOT_RE_EXECUTED this specific screen (out of this task's own changed-file set; confirmed 0 diff on the overlay JSX itself),NOT_RE_EXECUTED (unchanged),NOT_RE_EXECUTED (unchanged),"PRESERVED - not modified, confirmed by diff",PRESERVED_NO_CHANGE,real via the same reward catalog API as 1l; balance real,,,,,,,,,,,,,MONGLE-W7-4-CROSS-DOMAIN-PRODUCT-INTEGRATION-INDEPENDENT-QA-001,"NOT_INDEPENDENT (same session as implementer, this task's own conversation)",MATRIX_CONSISTENCY_ONLY - row-level classification/consumer/write-once integrity re-verified via automated diff this task; not individually runtime-exercised,"Automated CSV round-trip diff against HEAD (0 write-once column changes across all 64 rows); grep-based single-source consumer count (2 per Screen, confirmed for this row)",,,
37,2k,설정 목록,SettingsListPreview,Modal,within /profile,ProfilePage internal view ('settings'),/profile (view),SettingsListScreen,ProfilePage.tsx imports/renders SettingsListScreen as navigation hub,/__wave6/2k,NO,ProtectedRoute,navigation hub - no independent data,LIVE_CANONICAL_INTEGRATED,Pure navigation surface - correctly minimal binding,none,frontend/src/pages/profile/ProfilePage.tsx,NO,HIGH,none,,Not in initial LOW set -- no remediation required this pass,LIVE_CANONICAL_INTEGRATED,HIGH,ALREADY_COMPLETE,MONGLE-W7-4-FAMILY-HOME-AND-DOMAIN-SINGLE-SOURCE-PRODUCT-INTEGRATION-001,ALREADY_COMPLETE (real),pages/profile/ProfilePage.tsx,/profile (settings),"NONE_REQUIRED - already single-source, confirmed by direct current-code read + runtime regression this task",YES - confirmed via source read this task,"EXECUTED - Playwright runtime spot-check via real login, 0 console/page errors",NOT_RE_EXECUTED (unchanged from prior task's own responsive pass),"NOT_RE_EXECUTED (unchanged, not modified this task)","PRESERVED - not modified (except 2r, see its own row)",PRESERVED_NO_CHANGE,real,,,,,,,,,,,,,MONGLE-W7-4-CROSS-DOMAIN-PRODUCT-INTEGRATION-INDEPENDENT-QA-001,"NOT_INDEPENDENT (same session as implementer, this task's own conversation)",MATRIX_CONSISTENCY_ONLY - row-level classification/consumer/write-once integrity re-verified via automated diff this task; not individually runtime-exercised,"Automated CSV round-trip diff against HEAD (0 write-once column changes across all 64 rows); grep-based single-source consumer count (2 per Screen, confirmed for this row)",,,
38,2l,미션 생성 폼,MissionCreateFormPreview,Route,none found,none found,none,MissionCreateFormPreview,"no ""canonical 2l"" marker found; possible AdminDashboard MissionView create-flow equivalent not confirmed",/__wave6/2l,possibly AdminDashboard MissionView (not confirmed),none,none,CANONICAL_PREVIEW_ONLY,No confirmed real consumer found,none,(search only),NO,LOW,verify against AdminDashboard/views/MissionView,frontend/src/pages/AdminDashboard/views/MissionView/MissionView.tsx (same real hook as 1m/2e -- createMission + NewMissionModal component cover mission-create-form scope),"Real functional equivalent (mission create form) exists in AdminDashboard MissionView. No explicit ui-only marker found on this specific preview file, but no canonical-marker consumer found either -- reclassified from CANONICAL_PREVIEW_ONLY to LEGACY_LIVE_UI_ACTIVE on the strength of the confirmed real createMission functional equivalent.",LEGACY_LIVE_UI_ACTIVE,HIGH,READY_FOR_LEGACY_REPLACEMENT,MONGLE-W7-4-ADMIN-SINGLE-SOURCE-PRODUCT-INTEGRATION-001,DEFER_CONFIRMED_BLOCKER (was READY_FOR_LEGACY_REPLACEMENT; downgraded on code evidence found this session),MissionView.tsx / NewMissionModal.tsx - NOT MODIFIED this Task,"/admin/missions → ""일반 미션 추가""",DEFER_CONFIRMED_BLOCKER,N/A (deferred),N/A,N/A,N/A,Untouched - NewMissionModal.tsx not modified by this Task,"DEFERRED (newly-discovered structural conflict, see report Section 6)","Real NewMissionModal supports multi-player assignment (shared group_id), quick-point buttons, and today/tomorrow/custom date modes; canonical MissionCreateFormScreen's frozen contract is single-assignee, no date-mode, and onCreate takes no payload at all (uncontrolled defaultValue inputs) - real creation cannot flow through it without either deleting multi-assign/date-mode capability or visually redesigning the frozen mockup, both out of this Task's authority",MONGLE-W7-4-ADMIN-CANONICAL-CONTRACT-EXPANSION-001,DEFER_CONFIRMED_BLOCKER (MONGLE-W7-4-ADMIN-SINGLE-SOURCE-PRODUCT-INTEGRATION-001),IMPLEMENTED,Expanded MissionCreateFormModel/Props: typed assignees(multi)/selectedAssigneeIds/title/description/point/quickPointOptions/dateMode/todayLabel/tomorrowLabel/customDate/submitting/canSubmit/validationMessage + onCreate(payload) carrying a full typed MissionCreateFormSubmitPayload,"NewMissionModal.tsx (Product Container, inside AdminModal)",ADAPT_EXISTING_LOGIC_TO_CANONICAL,"Multi-assignee selection (chip toggle group + 모두, real, replaces the frozen single-fixed-option select), quick-point buttons (real, POINT_QUICK_VALUES), date mode (today/tomorrow/custom + real date input, real getLocalToday/shiftDay resolution), real Promise.all multi-player fan-out with shared group_id (unchanged orchestration, now driven by one typed payload instead of ad hoc modal state reads). Description folded into the submitted free-text `text` when present (real Mission schema has no separate field). Decorative, always-non-functional 반복 주기 select removed (implied false recurrence capability this create flow never had); 미션 유형 pills/인증 사진 필수/보호자 승인 필요 kept exactly as pre-existing decorative elements, unchanged.",Not executed this pass - no runtime available; lint+typecheck+build PASS,NOT_EXECUTED - no runtime available,"NOT_EXECUTED; MissionCreateFormPreview statically reviewed - unaffected by the widened prop contract (onCancel/onCreate remain optional, () => undefined still assignable), canonical marker present exactly once",STATIC_AND_COMPONENT_VALIDATION_ONLY / RUNTIME_VERIFICATION_PENDING,"frontend/src/screens/admin/MissionCreateForm/**, frontend/src/pages/AdminDashboard/views/MissionView/components/NewMissionModal.tsx",MONGLE-W7-4-CROSS-DOMAIN-PRODUCT-INTEGRATION-INDEPENDENT-QA-001,INDEPENDENT (separate prior session implemented it),CODE-LEVEL PASS; MissionCreateForm real typed payload confirmed in NewMissionModal.tsx,See this task's own QA evidence for exact commands/screenshots/logs,MONGLE-W7-4-ADMIN-ACCOUNT-AUTH-ACCESS-CONTRACT-REMEDIATION-001,"DEFECT-001_FIXED_DEVELOPER_SELF_CHECK (route-guard/identity layer only, this Screen unchanged)",agent-system/qa/MONGLE-W7-4-ADMIN-ACCOUNT-AUTH-ACCESS-CONTRACT-REMEDIATION-001.md
39,2m,미션 상세 폼,MissionDetailFormPreview,Modal,within AdminDashboard DashboardView,AdminDashboard DashboardView internal component,/admin (modal/component),(mission detail form - admin),"DashboardView.tsx comment ""canonical 2m (미션 상세 폼 / 활성 미션 상세) - this component existed""",/__wave6/2m,possibly (comment implies pre-existing component reused),AdminProtectedRoute,not fully confirmed,PARTIALLY_INTEGRATED,Found in AdminDashboard but full real-data confirmation not completed this pass,none,frontend/src/pages/AdminDashboard/views/DashboardView/DashboardView.tsx,NO,MEDIUM,confirm real API binding,,Not in initial LOW set -- no remediation required this pass,PARTIALLY_INTEGRATED,MEDIUM,READY_FOR_WIRING,MONGLE-W7-4-ADMIN-SINGLE-SOURCE-PRODUCT-INTEGRATION-001,IMPLEMENTED (was READY_FOR_WIRING),DashboardView.tsx -> ActiveMissionDetailModal.tsx,/admin dashboard → 활성 미션 상세 → row click,MERGE_CANONICAL_INTO_EXISTING_CONTAINER,YES - MissionDetailFormPreview and ActiveMissionDetailModal both render screens/admin/MissionDetailForm/MissionDetailFormScreen.tsx,Not executed this pass - no runtime available; lint+typecheck+build PASS,NOT_EXECUTED,"NOT_EXECUTED; MissionDetailFormPreview statically reviewed - unaffected by the new embedded prop (defaults false), canonical marker present exactly once","ActiveMissionDetailModal's existing list/player-tab/date-grouping untouched; onDelete now calls the real adminApi.deleteMission (previously this modal had no delete action at all). onSave has no real field to save (frozen contract, no onChange plumbing) - disclosed as a no-op close, matching this codebase's own precedent for other frozen-form gaps (2z/3f/3g/3k/3l)",IMPLEMENTED (delete real; save disclosed no-op per frozen contract),frontend/src/screens/admin/MissionDetailForm/**; frontend/src/pages/AdminDashboard/views/DashboardView/components/ActiveMissionDetailModal.tsx; DashboardView.tsx,,,,,,,,,,,,,MONGLE-W7-4-CROSS-DOMAIN-PRODUCT-INTEGRATION-INDEPENDENT-QA-001,INDEPENDENT (separate prior session implemented it),CODE-LEVEL PASS; MissionDetailForm import confirmed in ActiveMissionDetailModal.tsx,See this task's own QA evidence for exact commands/screenshots/logs,MONGLE-W7-4-ADMIN-ACCOUNT-AUTH-ACCESS-CONTRACT-REMEDIATION-001,"DEFECT-001_FIXED_DEVELOPER_SELF_CHECK (route-guard/identity layer only, this Screen unchanged)",agent-system/qa/MONGLE-W7-4-ADMIN-ACCOUNT-AUTH-ACCESS-CONTRACT-REMEDIATION-001.md
40,2n,알림 세부설정,NotificationPreferencesPreview,Modal,within /profile,ProfilePage internal view ('notifications'),/profile (view),NotificationPreferencesScreen,"ProfilePage.tsx docblock ""2n... maps canonical Screen's real toggle labels""",/__wave6/2n,NO,ProtectedRoute,real GET/PATCH notification preferences,LIVE_CANONICAL_INTEGRATED,시간대 toggle disclosed as no-op (no real key),none,frontend/src/pages/profile/ProfilePage.tsx,NO,HIGH,none,,Not in initial LOW set -- no remediation required this pass,LIVE_CANONICAL_INTEGRATED,HIGH,ALREADY_COMPLETE,MONGLE-W7-4-FAMILY-HOME-AND-DOMAIN-SINGLE-SOURCE-PRODUCT-INTEGRATION-001,ALREADY_COMPLETE (real),pages/profile/ProfilePage.tsx,/profile (notification prefs),"NONE_REQUIRED - already single-source, confirmed by direct current-code read + runtime regression this task",YES - confirmed via source read this task,"EXECUTED - Playwright runtime spot-check via real login, 0 console/page errors",NOT_RE_EXECUTED (unchanged from prior task's own responsive pass),"NOT_RE_EXECUTED (unchanged, not modified this task)","PRESERVED - not modified (except 2r, see its own row)",PRESERVED_NO_CHANGE,real,,,,,,,,,,,,,MONGLE-W7-4-CROSS-DOMAIN-PRODUCT-INTEGRATION-INDEPENDENT-QA-001,"NOT_INDEPENDENT (same session as implementer, this task's own conversation)",MATRIX_CONSISTENCY_ONLY - row-level classification/consumer/write-once integrity re-verified via automated diff this task; not individually runtime-exercised,"Automated CSV round-trip diff against HEAD (0 write-once column changes across all 64 rows); grep-based single-source consumer count (2 per Screen, confirmed for this row)",,,
41,2o,포인트 정책 편집,PointPolicyEditorPreview,Modal,within AdminDashboard PointView,AdminDashboard PointView internal component,/admin (modal/component),(point policy editor - admin),"PointView.tsx comment ""canonical 2o (포인트 정책 편집) - no policy API exists yet""",/__wave6/2o,YES/N-A,AdminProtectedRoute,no real policy API,INFRASTRUCTURE_BLOCKED,No policy API exists yet in backend per own comment,INFRASTRUCTURE_BLOCKED,frontend/src/pages/AdminDashboard/views/PointView/PointView.tsx,NO,HIGH,GAP-F,,Not in initial LOW set -- no remediation required this pass,INFRASTRUCTURE_BLOCKED,HIGH,INFRASTRUCTURE_PREREQUISITE_REQUIRED,MONGLE-W7-4-ADMIN-SINGLE-SOURCE-PRODUCT-INTEGRATION-001,"INFRASTRUCTURE_PREREQUISITE_REQUIRED (unchanged, deferred)",PointView.tsx - NOT MODIFIED this Task,N/A,DEFER_CONFIRMED_BLOCKER,N/A (blocked),N/A,N/A,N/A,Untouched,DEFERRED,"No policy API exists in the backend per PointView.tsx's own pre-existing comment; unchanged, out of this Task's Backend-change-forbidden scope",,,,,,,,,,,,,MONGLE-W7-4-CROSS-DOMAIN-PRODUCT-INTEGRATION-INDEPENDENT-QA-001,INDEPENDENT (separate prior session implemented it),"CONFIRMED STILL BLOCKED - PointView.tsx still renders pointPolicyEditorFixture only, disclosed TRUE_FUNCTIONAL_GAP comment present, not force-integrated",See this task's own QA evidence for exact commands/screenshots/logs,MONGLE-W7-4-ADMIN-ACCOUNT-AUTH-ACCESS-CONTRACT-REMEDIATION-001,"DEFECT-001_FIXED_DEVELOPER_SELF_CHECK (route-guard/identity layer only, this Screen unchanged)",agent-system/qa/MONGLE-W7-4-ADMIN-ACCOUNT-AUTH-ACCESS-CONTRACT-REMEDIATION-001.md
42,2p,초대 목록,InvitationListPreview,Modal,within /family/members,FamilyMembersPage internal view,/family/members (view),InvitationListScreen,FamilyMembersPage.tsx imports InvitationListScreen,/__wave6/2p,NO,ProtectedRoute,not explicitly confirmed real,PARTIALLY_INTEGRATED,Canonical screen present; real API binding not explicitly confirmed by comment this pass,none,frontend/src/features/family-members/FamilyMembersPage.tsx,NO,LOW,verify real invitation-list API call,"frontend/src/features/family-members/FamilyMembersPage.tsx line ~131: <InvitationListScreen model={invitationListFixture} onResend={() => undefined} onCancel={...} /> -- fixture model, onResend is a no-op; page's own docblock explicitly states ""2f/2p/2r/3i remain fixture""",Classification unchanged (already PARTIALLY_INTEGRATED). Confirmed by direct code read + explicit docblock disclosure.,PARTIALLY_INTEGRATED,HIGH,READY_FOR_WIRING,MONGLE-W7-4-FAMILY-HOME-AND-DOMAIN-SINGLE-SOURCE-PRODUCT-INTEGRATION-001,DEFERRED - POLICY_BLOCKED - same invitation-model gate as 2f/2w/3i (W7.5 Phase C); re-confirmed this task by direct source read: FamilyMembersPage's invitations view still renders only invitationListFixture with a no-op onResend,N/A - not implemented,N/A,DEFER_CONFIRMED_BLOCKER,N/A - blocked before single-sourcing question applies,NOT_APPLICABLE,NOT_APPLICABLE,NOT_APPLICABLE,PRESERVED - not touched,DEFERRED_CONFIRMED_BLOCKER,POLICY_BLOCKED - same invitation-model gate as 2f/2w/3i (W7.5 Phase C); re-confirmed this task by direct source read: FamilyMembersPage's invitations view still renders only invitationListFixture with a no-op onResend,,,,,,,,,,,,,MONGLE-W7-4-CROSS-DOMAIN-PRODUCT-INTEGRATION-INDEPENDENT-QA-001,"NOT_INDEPENDENT (same session as implementer, this task's own conversation)","CONFIRMED STILL FIXTURE - invitations view renders only invitationListFixture with a no-op onResend, re-verified this task",See this task's own QA evidence for exact commands/screenshots/logs,,,
43,2q,가족 규칙 가이드,FamilyRulesGuidePreview,Modal,within /family/rules,FamilyRulesPage internal view ('guide'),/family/rules (view),(rules guide - static content),own docblock: 2q nested (static guide content) unrelated to this Slice,/__wave6/2q,NO,ProtectedRoute,static content by design (not a data gap),LIVE_CANONICAL_INTEGRATED,Static guide content is the intended design - not a functional gap,none,frontend/src/features/family-rules/FamilyRulesPage.tsx,NO,HIGH,none,,Not in initial LOW set -- no remediation required this pass,LIVE_CANONICAL_INTEGRATED,HIGH,ALREADY_COMPLETE,MONGLE-W7-4-FAMILY-HOME-AND-DOMAIN-SINGLE-SOURCE-PRODUCT-INTEGRATION-001,"ALREADY_COMPLETE (static informational content by design (a rules-explainer, not user-specific data) -- fixture use here is not a defect)",features/family-rules/FamilyRulesPage.tsx,/family/rules (guide),"NONE_REQUIRED - already single-source, confirmed by direct current-code read + runtime regression this task",YES - confirmed via source read this task,"EXECUTED - Playwright runtime spot-check via real login, 0 console/page errors",NOT_RE_EXECUTED (unchanged from prior task's own responsive pass),"NOT_RE_EXECUTED (unchanged, not modified this task)","PRESERVED - not modified (except 2r, see its own row)",PRESERVED_NO_CHANGE,"static informational content by design (a rules-explainer, not user-specific data) -- fixture use here is not a defect",,,,,,,,,,,,,MONGLE-W7-4-CROSS-DOMAIN-PRODUCT-INTEGRATION-INDEPENDENT-QA-001,"NOT_INDEPENDENT (same session as implementer, this task's own conversation)",MATRIX_CONSISTENCY_ONLY - row-level classification/consumer/write-once integrity re-verified via automated diff this task; not individually runtime-exercised,"Automated CSV round-trip diff against HEAD (0 write-once column changes across all 64 rows); grep-based single-source consumer count (2 per Screen, confirmed for this row)",,,
44,2r,가족 활동 로그,FamilyActivityLogPreview,Modal,within /family/members,FamilyMembersPage internal view ('activity'),/family/members (view),FamilyActivityLogScreen,FamilyMembersPage.tsx imports FamilyActivityLogScreen + listActivityLog API,/__wave6/2r,NO,ProtectedRoute,real GET activity log,LIVE_CANONICAL_INTEGRATED,None disclosed,none,frontend/src/features/family-members/FamilyMembersPage.tsx,NO,HIGH,none,,Not in initial LOW set -- no remediation required this pass,LIVE_CANONICAL_INTEGRATED,HIGH,ALREADY_COMPLETE,MONGLE-W7-4-FAMILY-HOME-AND-DOMAIN-SINGLE-SOURCE-PRODUCT-INTEGRATION-001,"ALREADY_COMPLETE (real via GET /api/families/{id}/activity-log; this task extracted its own mapping helper (toActivityEvent/ACTION_LABEL/ACTION_TONE) to shared/family/activityLogFormat.ts for reuse by the new 1b hero, 0 behavior change to 2r itself (same function bodies, byte-identical output))",features/family-members/FamilyMembersPage.tsx,/family/members (activity),"NONE_REQUIRED - already single-source, confirmed by direct current-code read + runtime regression this task",YES - confirmed via source read this task,"EXECUTED - Playwright runtime spot-check via real login, 0 console/page errors",NOT_RE_EXECUTED (unchanged from prior task's own responsive pass),"NOT_RE_EXECUTED (unchanged, not modified this task)","PRESERVED - not modified (except 2r, see its own row)",PRESERVED_NO_CHANGE,"real via GET /api/families/{id}/activity-log; this task extracted its own mapping helper (toActivityEvent/ACTION_LABEL/ACTION_TONE) to shared/family/activityLogFormat.ts for reuse by the new 1b hero, 0 behavior change to 2r itself (same function bodies, byte-identical output)",,,,,,,,,,,,,MONGLE-W7-4-CROSS-DOMAIN-PRODUCT-INTEGRATION-INDEPENDENT-QA-001,"NOT_INDEPENDENT (same session as implementer, this task's own conversation)",MATRIX_CONSISTENCY_ONLY - row-level classification/consumer/write-once integrity re-verified via automated diff this task; not individually runtime-exercised,"Automated CSV round-trip diff against HEAD (0 write-once column changes across all 64 rows); grep-based single-source consumer count (2 per Screen, confirmed for this row)",,,
45,2s,PIN 최초 설정,PinInitialSetupPreview,Modal (step 2 of onboarding),within /onboarding,OnboardingFlowPage step 2,/onboarding (step),(PIN step - local state only),"own docblock ""2s's PIN entry... genuine contract mismatch... reverted to local-only flow state; reclassified DESIGN_CONTRACT_MISMATCH/HUMAN_GATE""",/__wave6/2s,NO,ProtectedRoute,NOT wired - reverted to local-only per disclosed contract mismatch,POLICY_BLOCKED,4-digit canonical UI vs 6-digit backend PIN requirement - explicit HUMAN_GATE per own docblock,POLICY_BLOCKED,frontend/src/features/family-onboarding/OnboardingFlowPage.tsx,NO,HIGH,GAP-E - PM decision on PIN digit count,,Not in initial LOW set -- no remediation required this pass,POLICY_BLOCKED,HIGH,POLICY_DECISION_REQUIRED,MONGLE-W7-4-AUTH-SINGLE-SOURCE-PRODUCT-INTEGRATION-001,"DEFERRED - POLICY_BLOCKED / HUMAN_GATE (re-confirmed unchanged, not reopened)",N/A - not implemented,/onboarding (step) - unchanged,DEFER_CONFIRMED_BLOCKER,N/A - blocked before single-sourcing question applies,NOT_APPLICABLE,NOT_APPLICABLE,NOT_APPLICABLE,PRESERVED - not touched,DEFERRED_CONFIRMED_BLOCKER,"Re-confirms, does not reopen, the DESIGN_CONTRACT_MISMATCH/HUMAN_GATE already found by MONGLE-W7-5-DATA-AND-BEHAVIOR-WIRING-001 Phase B: canonical Screen is a 4-digit PIN entry, backend PIN policy is 6-digit. No PM/design decision landed since; not forced through by this task.",,,,,,,,,,,,,MONGLE-W7-4-CROSS-DOMAIN-PRODUCT-INTEGRATION-INDEPENDENT-QA-001,"NOT_INDEPENDENT (same session as implementer, this task's own conversation)","CONFIRMED STILL BLOCKED - PIN digit mismatch not re-litigated, matches prior finding",See this task's own QA evidence for exact commands/screenshots/logs,,,
46,2t,관리자 알림 발송,AdminNotificationSendPreview,Modal,within AdminDashboard NotificationView,AdminDashboard NotificationView internal component,/admin (modal),AdminNotificationSendScreen,NotificationView.tsx imports AdminNotificationSendScreen from screens/admin/AdminNotificationSend/,/__wave6/2t,NO,AdminProtectedRoute,real POST notification-send API,LIVE_CANONICAL_INTEGRATED,None - confirmed by E2E,none,frontend/src/pages/AdminDashboard/views/NotificationView/NotificationView.tsx;frontend/src/screens/admin/AdminNotificationSend/AdminNotificationSendScreen.tsx,YES (E2E 2t),HIGH,none,,Not in initial LOW set -- no remediation required this pass,LIVE_CANONICAL_INTEGRATED,HIGH,ALREADY_COMPLETE,MONGLE-W7-4-ADMIN-SINGLE-SOURCE-PRODUCT-INTEGRATION-001,ALREADY_COMPLETE (unchanged),NotificationView.tsx (unchanged),/admin → 알림 관리 (unchanged),NONE_REQUIRED - already single-source,YES (pre-existing),"NOT_EXECUTED this pass (regression-only target, no runtime available)",NOT_EXECUTED,NOT_EXECUTED,Untouched - NotificationView.tsx not modified by this Task,NO_CHANGE_REQUIRED,No file changes,,,,,,,,,,,,,MONGLE-W7-4-CROSS-DOMAIN-PRODUCT-INTEGRATION-INDEPENDENT-QA-001,INDEPENDENT (separate prior session implemented it),CODE-LEVEL PASS; AdminNotificationSend confirmed real isSending/errorMessage wiring over static copy,See this task's own QA evidence for exact commands/screenshots/logs,MONGLE-W7-4-ADMIN-ACCOUNT-AUTH-ACCESS-CONTRACT-REMEDIATION-001,"DEFECT-001_FIXED_DEVELOPER_SELF_CHECK (route-guard/identity layer only, this Screen unchanged)",agent-system/qa/MONGLE-W7-4-ADMIN-ACCOUNT-AUTH-ACCESS-CONTRACT-REMEDIATION-001.md
47,2u,일정 상세,ScheduleDetailPreview,Modal,within /family/schedule,FamilySchedulePage internal view,/family/schedule (view),(schedule detail screen),"FamilySchedulePage.tsx docblock ""2u (일정 상세) real""",/__wave6/2u,NO,ProtectedRoute,real detail view; onEdit reopens Add screen with fixture (see 1g gap),PARTIALLY_INTEGRATED,onEdit path not wired to real PATCH (shared gap with 1g),none,frontend/src/features/family-schedule/FamilySchedulePage.tsx,NO,HIGH,GAP-D - shared with 1g,,Not in initial LOW set -- no remediation required this pass,PARTIALLY_INTEGRATED,HIGH,READY_FOR_WIRING,MONGLE-W7-4-FAMILY-HOME-AND-DOMAIN-SINGLE-SOURCE-PRODUCT-INTEGRATION-001,"ALREADY_COMPLETE (real, confirmed by source comment)",features/family-schedule/FamilySchedulePage.tsx,/family/schedule (detail),"NONE_REQUIRED - already single-source, confirmed by direct current-code read + runtime regression this task",YES - confirmed via source read this task,"EXECUTED - Playwright runtime spot-check via real login, 0 console/page errors",NOT_RE_EXECUTED (unchanged from prior task's own responsive pass),"NOT_RE_EXECUTED (unchanged, not modified this task)","PRESERVED - not modified (except 2r, see its own row)",PRESERVED_NO_CHANGE,"real, confirmed by source comment",,,,,,,,,,,,,MONGLE-W7-4-CROSS-DOMAIN-PRODUCT-INTEGRATION-INDEPENDENT-QA-001,"NOT_INDEPENDENT (same session as implementer, this task's own conversation)",MATRIX_CONSISTENCY_ONLY - row-level classification/consumer/write-once integrity re-verified via automated diff this task; not individually runtime-exercised,"Automated CSV round-trip diff against HEAD (0 write-once column changes across all 64 rows); grep-based single-source consumer count (2 per Screen, confirmed for this row)",,,
48,2v,앨범 업로드 진행,AlbumUploadProgressPreview,Modal,within /family/album,none - stays fixture per own docblock,/family/album (entry point only),AlbumUploadProgressPreview (fixture path),"FamilyAlbumPage.tsx docblock ""2v (앨범 업로드 진행) staying fixture... POLICY_BLOCKED""",/__wave6/2v,NO,ProtectedRoute,none - fixture only,POLICY_BLOCKED,Explicitly disclosed POLICY_BLOCKED - same storage gate as 2b/2z upload,INFRASTRUCTURE_BLOCKED,frontend/src/features/family-album/FamilyAlbumPage.tsx,NO,HIGH,GAP-F - shared with 2b,"frontend/src/features/family-album/FamilyAlbumPage.tsx docblock: ""2v's own upload flow is POLICY_BLOCKED... its entry point stays the static fixture it always was"" -- same underlying storage-abstraction absence as 2b/1h/1p/2y, not a distinct policy question of its own","Primary_Classification (POLICY_BLOCKED) preserved as originally recorded. Corrected in Final_Classification to INFRASTRUCTURE_BLOCKED for the same reason as 2b -- same shared technical prerequisite (storage abstraction), not an independent policy decision.",INFRASTRUCTURE_BLOCKED,HIGH,INFRASTRUCTURE_PREREQUISITE_REQUIRED,MONGLE-W7-4-FAMILY-HOME-AND-DOMAIN-SINGLE-SOURCE-PRODUCT-INTEGRATION-001,"DEFERRED - INFRASTRUCTURE_PREREQUISITE_REQUIRED - no file storage abstraction exists in the backend at all (W7.5 remediation finding, shared with 2b); re-confirmed this task by direct source read: FamilyAlbumPage's own comment explicitly lists 2v as 'staying fixture'",N/A - not implemented,N/A,DEFER_CONFIRMED_BLOCKER,N/A - blocked before single-sourcing question applies,NOT_APPLICABLE,NOT_APPLICABLE,NOT_APPLICABLE,PRESERVED - not touched,DEFERRED_CONFIRMED_BLOCKER,"INFRASTRUCTURE_PREREQUISITE_REQUIRED - no file storage abstraction exists in the backend at all (W7.5 remediation finding, shared with 2b); re-confirmed this task by direct source read: FamilyAlbumPage's own comment explicitly lists 2v as 'staying fixture'",,,,,,,,,,,,,MONGLE-W7-4-CROSS-DOMAIN-PRODUCT-INTEGRATION-INDEPENDENT-QA-001,"NOT_INDEPENDENT (same session as implementer, this task's own conversation)",MATRIX_CONSISTENCY_ONLY - row-level classification/consumer/write-once integrity re-verified via automated diff this task; not individually runtime-exercised,"Automated CSV round-trip diff against HEAD (0 write-once column changes across all 64 rows); grep-based single-source consumer count (2 per Screen, confirmed for this row)",,,
49,2w,가족 초대 수락,FamilyInviteAcceptancePreview,Modal (alternate branch of onboarding),within /onboarding,OnboardingFlowPage alternate branch,/onboarding (branch),(invite acceptance - not wired),"own docblock ""2w's self-service invite-code join remains unwired... no backend flow exists for it at all (POLICY_REQUIRED)""",/__wave6/2w,NO,ProtectedRoute,NOT wired - no backend flow exists,POLICY_BLOCKED,No backend flow exists for self-service invite-code join,POLICY_BLOCKED,frontend/src/features/family-onboarding/OnboardingFlowPage.tsx,NO,HIGH,GAP-E - PM/backend decision,,Not in initial LOW set -- no remediation required this pass,POLICY_BLOCKED,HIGH,POLICY_DECISION_REQUIRED,MONGLE-W7-4-FAMILY-HOME-AND-DOMAIN-SINGLE-SOURCE-PRODUCT-INTEGRATION-001,DEFERRED - POLICY_BLOCKED - same invitation-model gate as 2f/2p/3i; re-confirmed this task by direct source read: OnboardingFlowPage's invite-acceptance branch still renders only the static familyInviteAcceptanceFixture,N/A - not implemented,N/A,DEFER_CONFIRMED_BLOCKER,N/A - blocked before single-sourcing question applies,NOT_APPLICABLE,NOT_APPLICABLE,NOT_APPLICABLE,PRESERVED - not touched,DEFERRED_CONFIRMED_BLOCKER,POLICY_BLOCKED - same invitation-model gate as 2f/2p/3i; re-confirmed this task by direct source read: OnboardingFlowPage's invite-acceptance branch still renders only the static familyInviteAcceptanceFixture,,,,,,,,,,,,,MONGLE-W7-4-CROSS-DOMAIN-PRODUCT-INTEGRATION-INDEPENDENT-QA-001,"NOT_INDEPENDENT (same session as implementer, this task's own conversation)",MATRIX_CONSISTENCY_ONLY - row-level classification/consumer/write-once integrity re-verified via automated diff this task; not individually runtime-exercised,"Automated CSV round-trip diff against HEAD (0 write-once column changes across all 64 rows); grep-based single-source consumer count (2 per Screen, confirmed for this row)",,,
50,2x,미션 통계 대시보드,MissionStatisticsDashboardPreview,Route,none found,none found,none,MissionStatisticsDashboardPreview,"no ""canonical 2x"" marker found",/__wave6/2x,possibly AdminDashboard DashboardView stat cards (not confirmed as same canonical screen - DashboardView has its own distinct stat-card design per prior session work),none,none,CANONICAL_PREVIEW_ONLY,No confirmed real consumer found; AdminDashboard has functionally similar but not confirmed identical stat dashboard,none,(search only),NO,LOW,verify relationship to AdminDashboard/views/DashboardView,frontend/src/pages/AdminDashboard/views/DashboardView/DashboardView.tsx (same real hook as 2i -- stats/missionRanking data covers mission-statistics-dashboard scope),"Real functional equivalent (mission statistics dashboard) exists in AdminDashboard DashboardView. No explicit ui-only marker found on this specific preview file, but no canonical-marker consumer found either -- reclassified from CANONICAL_PREVIEW_ONLY to LEGACY_LIVE_UI_ACTIVE on the strength of the confirmed real stats/ranking functional equivalent.",LEGACY_LIVE_UI_ACTIVE,HIGH,READY_FOR_LEGACY_REPLACEMENT,MONGLE-W7-4-ADMIN-SINGLE-SOURCE-PRODUCT-INTEGRATION-001,IMPLEMENTED (was READY_FOR_LEGACY_REPLACEMENT),DashboardView.tsx,"/admin dashboard → 이번 주기 진행률 카드 → ""미션 통계 대시보드 보기""",MERGE_CANONICAL_INTO_EXISTING_CONTAINER,YES - MissionStatisticsDashboardPreview and DashboardView both render screens/admin/MissionStatisticsDashboard/MissionStatisticsDashboardScreen.tsx,Not executed this pass - no runtime available; lint+typecheck+build PASS,NOT_EXECUTED,"NOT_EXECUTED; MissionStatisticsDashboardPreview statically reviewed - unaffected by the new embedded prop (defaults false), canonical marker present exactly once",No prior dedicated consumer existed; all bound fields reuse DashboardView's own already-computed real stats/cycle/childPlayers data - no new statistics engine built. 기간 필터 button reuses the existing 3b filter overlay,IMPLEMENTED,frontend/src/screens/admin/MissionStatisticsDashboard/**; frontend/src/pages/AdminDashboard/views/DashboardView/DashboardView.tsx,,,,,,,,,,,,,MONGLE-W7-4-CROSS-DOMAIN-PRODUCT-INTEGRATION-INDEPENDENT-QA-001,INDEPENDENT (separate prior session implemented it),CODE-LEVEL PASS; MissionStatisticsDashboard import confirmed in DashboardView.tsx,See this task's own QA evidence for exact commands/screenshots/logs,MONGLE-W7-4-ADMIN-ACCOUNT-AUTH-ACCESS-CONTRACT-REMEDIATION-001,"DEFECT-001_FIXED_DEVELOPER_SELF_CHECK (route-guard/identity layer only, this Screen unchanged)",agent-system/qa/MONGLE-W7-4-ADMIN-ACCOUNT-AUTH-ACCESS-CONTRACT-REMEDIATION-001.md
51,2y,사진 공유 설정,AlbumShareSettingsPreview,Modal,within /family/album,FamilyAlbumPage internal view,/family/album (view),(album share settings screen),"FamilyAlbumPage.tsx docblock ""1p/1w/2y real""",/__wave6/2y,NO,ProtectedRoute,real share settings,LIVE_CANONICAL_INTEGRATED,None disclosed,none,frontend/src/features/family-album/FamilyAlbumPage.tsx,NO,MEDIUM,spot-check runtime,,Not in initial LOW set -- no remediation required this pass,LIVE_CANONICAL_INTEGRATED,MEDIUM,READY_FOR_PARTIAL_INTEGRATION_COMPLETION,MONGLE-W7-4-FAMILY-HOME-AND-DOMAIN-SINGLE-SOURCE-PRODUCT-INTEGRATION-001,"ALREADY_COMPLETE (real, confirmed by source comment ('1p/1w/2y real') -- note this appears to supersede an earlier W7.5 Phase D finding that had grouped 2y under the same missing-input-control note as 1i/1v/2z/3j; current code read (the more recent evidence per this task's own Gate 1/5) takes priority and shows 2y genuinely real)",features/family-album/FamilyAlbumPage.tsx,/family/album (share settings),"NONE_REQUIRED - already single-source, confirmed by direct current-code read + runtime regression this task",YES - confirmed via source read this task,"EXECUTED - Playwright runtime spot-check via real login, 0 console/page errors",NOT_RE_EXECUTED (unchanged from prior task's own responsive pass),"NOT_RE_EXECUTED (unchanged, not modified this task)","PRESERVED - not modified (except 2r, see its own row)",PRESERVED_NO_CHANGE,"real, confirmed by source comment ('1p/1w/2y real') -- note this appears to supersede an earlier W7.5 Phase D finding that had grouped 2y under the same missing-input-control note as 1i/1v/2z/3j; current code read (the more recent evidence per this task's own Gate 1/5) takes priority and shows 2y genuinely real",,,,,,,,,,,,,MONGLE-W7-4-CROSS-DOMAIN-PRODUCT-INTEGRATION-INDEPENDENT-QA-001,"NOT_INDEPENDENT (same session as implementer, this task's own conversation)","CONFIRMED REAL (not blocked) - FamilyAlbumPage.tsx's own docblock explicitly lists 2y as real; re-verified this task, matches the implementer's own correction",See this task's own QA evidence for exact commands/screenshots/logs,,,
52,2z,프로필 편집,ProfileEditPreview,Modal,within /profile,ProfilePage internal view ('edit'),/profile (view),ProfileEditScreen,"ProfilePage.tsx docblock ""2z... reads the same real Account fields... write side is a genuine design-contract gap""",/__wave6/2z,NO,ProtectedRoute,read real; write not wired (no input controls on frozen screen),PARTIALLY_INTEGRATED,Frozen canonical screen has no editable input controls - write path cannot be wired without PM/design decision,none (design-contract gap),frontend/src/pages/profile/ProfilePage.tsx,NO,HIGH,GAP-D - PM/design decision for real inputs,,Not in initial LOW set -- no remediation required this pass,PARTIALLY_INTEGRATED,HIGH,DESIGN_DECISION_REQUIRED,MONGLE-W7-4-FAMILY-HOME-AND-DOMAIN-SINGLE-SOURCE-PRODUCT-INTEGRATION-001,"DEFERRED - DESIGN_DECISION_REQUIRED - ProfilePage's view-mapping (toProfileEditModel) looks real, but W7.5 Phase D's own recurring finding lists 2z among screens with missing create/edit input controls; not re-derived here, only re-confirmed unchanged, disclosed nuance not resolved",N/A - not implemented,N/A,DEFER_CONFIRMED_BLOCKER,N/A - blocked before single-sourcing question applies,NOT_APPLICABLE,NOT_APPLICABLE,NOT_APPLICABLE,PRESERVED - not touched,DEFERRED_CONFIRMED_BLOCKER,"DESIGN_DECISION_REQUIRED - ProfilePage's view-mapping (toProfileEditModel) looks real, but W7.5 Phase D's own recurring finding lists 2z among screens with missing create/edit input controls; not re-derived here, only re-confirmed unchanged, disclosed nuance not resolved",,,,,,,,,,,,,MONGLE-W7-4-CROSS-DOMAIN-PRODUCT-INTEGRATION-INDEPENDENT-QA-001,"NOT_INDEPENDENT (same session as implementer, this task's own conversation)",MATRIX_CONSISTENCY_ONLY - row-level classification/consumer/write-once integrity re-verified via automated diff this task; not individually runtime-exercised,"Automated CSV round-trip diff against HEAD (0 write-once column changes across all 64 rows); grep-based single-source consumer count (2 per Screen, confirmed for this row)",,,
53,3a,캘린더 공유,CalendarSharePreview,Modal,within /family/schedule,none - stays fixture per own docblock,/family/schedule (entry only),CalendarSharePreview (fixture),"FamilySchedulePage.tsx docblock ""3a's Google/Apple sync stays fixture: real external-service OAuth/feed integration is out of this Slice's scope""",/__wave6/3a,NO,ProtectedRoute,none - fixture only,INFRASTRUCTURE_BLOCKED,External OAuth/feed integration not implemented - explicitly out of Slice scope,INFRASTRUCTURE_BLOCKED,frontend/src/features/family-schedule/FamilySchedulePage.tsx,NO,HIGH,GAP-F - external OAuth integration,,Not in initial LOW set -- no remediation required this pass,INFRASTRUCTURE_BLOCKED,HIGH,INFRASTRUCTURE_PREREQUISITE_REQUIRED,MONGLE-W7-4-FAMILY-HOME-AND-DOMAIN-SINGLE-SOURCE-PRODUCT-INTEGRATION-001,DEFERRED - INFRASTRUCTURE_PREREQUISITE_REQUIRED - real calendar-sync integration (Google/Apple) has no backend counterpart; re-confirmed this task by direct source read: FamilySchedulePage's own comment explicitly lists 3a as 'staying fixture',N/A - not implemented,N/A,DEFER_CONFIRMED_BLOCKER,N/A - blocked before single-sourcing question applies,NOT_APPLICABLE,NOT_APPLICABLE,NOT_APPLICABLE,PRESERVED - not touched,DEFERRED_CONFIRMED_BLOCKER,INFRASTRUCTURE_PREREQUISITE_REQUIRED - real calendar-sync integration (Google/Apple) has no backend counterpart; re-confirmed this task by direct source read: FamilySchedulePage's own comment explicitly lists 3a as 'staying fixture',,,,,,,,,,,,,MONGLE-W7-4-CROSS-DOMAIN-PRODUCT-INTEGRATION-INDEPENDENT-QA-001,"NOT_INDEPENDENT (same session as implementer, this task's own conversation)",MATRIX_CONSISTENCY_ONLY - row-level classification/consumer/write-once integrity re-verified via automated diff this task; not individually runtime-exercised,"Automated CSV round-trip diff against HEAD (0 write-once column changes across all 64 rows); grep-based single-source consumer count (2 per Screen, confirmed for this row)",,,
54,3b,미션 통계 필터,MissionStatisticsFilterPreview,Modal,within AdminDashboard DashboardView,AdminDashboard DashboardView internal component,/admin (modal/component),(mission stats filter - admin),"DashboardView.tsx comment ""canonical 3b (미션 통계 필터) - no dedicated filter state exists""",/__wave6/3b,possibly,AdminProtectedRoute,no dedicated filter state - not fully wired,PARTIALLY_INTEGRATED,No dedicated filter state exists per own comment,none,frontend/src/pages/AdminDashboard/views/DashboardView/DashboardView.tsx,NO,MEDIUM,confirm scope of wiring gap,,Not in initial LOW set -- no remediation required this pass,PARTIALLY_INTEGRATED,MEDIUM,READY_FOR_WIRING,MONGLE-W7-4-ADMIN-SINGLE-SOURCE-PRODUCT-INTEGRATION-001,IMPLEMENTED (was READY_FOR_WIRING),DashboardView.tsx,"/admin dashboard → ""통계 필터""",ADAPT_EXISTING_LOGIC_TO_CANONICAL,YES - MissionStatisticsFilterPreview and DashboardView both render screens/admin/MissionStatisticsFilter/MissionStatisticsFilterScreen.tsx,Not executed this pass - no runtime available; lint+typecheck+build PASS,NOT_EXECUTED,"NOT_EXECUTED; MissionStatisticsFilterPreview statically reviewed - onApply/onClose still accept 0-arg callbacks structurally (TS parameter bivariance), canonical marker present exactly once","MissionRanking's own pre-existing player-filter local state was lifted to a controlled prop shared with this filter (same real filtering result, now also reachable from the filter overlay) - not removed, not weakened. '진행 중' status now computes a real parallel ranking from already-loaded active missions (previously that data existed but was never ranked). '기간' select left disabled/single-option - disclosed, no real date-range API exists",IMPLEMENTED (player + status real; period remains disclosed gap),frontend/src/screens/admin/MissionStatisticsFilter/**; frontend/src/pages/AdminDashboard/views/DashboardView/DashboardView.tsx; .../components/MissionRanking.tsx,,,,,,,,,,,,,MONGLE-W7-4-CROSS-DOMAIN-PRODUCT-INTEGRATION-INDEPENDENT-QA-001,INDEPENDENT (separate prior session implemented it),CODE-LEVEL PASS; MissionStatisticsFilter import confirmed in DashboardView.tsx,See this task's own QA evidence for exact commands/screenshots/logs,MONGLE-W7-4-ADMIN-ACCOUNT-AUTH-ACCESS-CONTRACT-REMEDIATION-001,"DEFECT-001_FIXED_DEVELOPER_SELF_CHECK (route-guard/identity layer only, this Screen unchanged)",agent-system/qa/MONGLE-W7-4-ADMIN-ACCOUNT-AUTH-ACCESS-CONTRACT-REMEDIATION-001.md
55,3c,가족 게시판,FamilyBoardPreview,Route,/wagle/board,WagleBoardPage,/wagle/board,WagleBoardPage,"App.tsx route ""/wagle/board"" comment ""canonical 3c (가족 게시판) - ROOT_OF""",/__wave6/3c,NO,ProtectedRoute,real posts via Wagle message reuse,LIVE_CANONICAL_INTEGRATED,Reaction toggle has no click target in frozen screen type contract (disclosed),none,frontend/src/App.tsx;frontend/src/platform/wagle/board/WagleBoardPage.tsx,YES (E2E 3c/3d/3e),HIGH,GAP-D - reaction toggle click target (PM/design),,Not in initial LOW set -- no remediation required this pass,LIVE_CANONICAL_INTEGRATED,HIGH,DESIGN_DECISION_REQUIRED,MONGLE-W7-4-WAGLE-SINGLE-SOURCE-PRODUCT-INTEGRATION-001,"DESIGN_DECISION_REQUIRED (unchanged, deferred)",WagleBoardPage.tsx - NOT MODIFIED this Task,/wagle/board,DEFER_CONFIRMED_BLOCKER,N/A (out of this Task's implementation scope; already LIVE_CANONICAL_INTEGRATED),N/A,N/A,N/A,Untouched - WagleBoardPage.tsx not modified by this Task,DEFERRED (design decision: reaction-toggle click target),"No file changes; blocker is a PM/design decision already disclosed in the Matrix, not an engineering gap",,,,,,,,,,,,,MONGLE-W7-4-CROSS-DOMAIN-PRODUCT-INTEGRATION-INDEPENDENT-QA-001,INDEPENDENT (separate prior session implemented it),MATRIX_CONSISTENCY_ONLY - row-level classification/consumer/write-once integrity re-verified via automated diff this task; not individually runtime-exercised,"Automated CSV round-trip diff against HEAD (0 write-once column changes across all 64 rows); grep-based single-source consumer count (2 per Screen, confirmed for this row)",,,
56,3d,댓글 작성,CommentComposerPreview,Modal,within /wagle/board,WagleBoardPage internal comment flow,/wagle/board (modal),(comment composer),Part of same E2E describe block as 3c/3e; WagleBoardPage decodePost/comment handling,/__wave6/3d,NO,ProtectedRoute,real comment creation via Wagle message,LIVE_CANONICAL_INTEGRATED,"None - confirmed by E2E ""accepts a real comment""",none,frontend/src/platform/wagle/board/WagleBoardPage.tsx,YES (E2E 3c/3d/3e combined test),HIGH,none,,Not in initial LOW set -- no remediation required this pass,LIVE_CANONICAL_INTEGRATED,HIGH,ALREADY_COMPLETE,MONGLE-W7-4-WAGLE-SINGLE-SOURCE-PRODUCT-INTEGRATION-001,ALREADY_COMPLETE (unchanged),WagleBoardPage.tsx - NOT MODIFIED this Task,/wagle/board comment flow,NONE_REQUIRED,"N/A (out of scope, already complete)",N/A,N/A,N/A,Untouched,NO_CHANGE_REQUIRED,No file changes,,,,,,,,,,,,,MONGLE-W7-4-CROSS-DOMAIN-PRODUCT-INTEGRATION-INDEPENDENT-QA-001,INDEPENDENT (separate prior session implemented it),MATRIX_CONSISTENCY_ONLY - row-level classification/consumer/write-once integrity re-verified via automated diff this task; not individually runtime-exercised,"Automated CSV round-trip diff against HEAD (0 write-once column changes across all 64 rows); grep-based single-source consumer count (2 per Screen, confirmed for this row)",,,
57,3e,인기 게시글,PopularPostsPreview,Modal,within /wagle/board,WagleBoardPage internal Popular Posts panel,/wagle/board (modal),(popular posts panel),W7.5 Phase D SLICE-WAGLE-BOARD-REACTIONS per prior session Coverage Map API-W7-5-BOARD-REACTIONS-001; WagleBoardPage reaction_count comment,/__wave6/3e,NO,ProtectedRoute,real reaction_count from API; toggle has no click target (disclosed),PARTIALLY_INTEGRATED,Reaction toggle not reachable from UI (no click target in frozen screen) though counts are real,none,frontend/src/platform/wagle/board/WagleBoardPage.tsx,YES (E2E 3c/3d/3e combined test),HIGH,GAP-D - shared with 3c reaction toggle,,Not in initial LOW set -- no remediation required this pass,PARTIALLY_INTEGRATED,HIGH,DESIGN_DECISION_REQUIRED,MONGLE-W7-4-WAGLE-SINGLE-SOURCE-PRODUCT-INTEGRATION-001,"DESIGN_DECISION_REQUIRED (unchanged, deferred)",WagleBoardPage.tsx - NOT MODIFIED this Task,/wagle/board popular-posts panel,DEFER_CONFIRMED_BLOCKER,N/A,N/A,N/A,N/A,Untouched,DEFERRED (shared reaction-toggle design decision with 3c),No file changes,,,,,,,,,,,,,MONGLE-W7-4-CROSS-DOMAIN-PRODUCT-INTEGRATION-INDEPENDENT-QA-001,INDEPENDENT (separate prior session implemented it),MATRIX_CONSISTENCY_ONLY - row-level classification/consumer/write-once integrity re-verified via automated diff this task; not individually runtime-exercised,"Automated CSV round-trip diff against HEAD (0 write-once column changes across all 64 rows); grep-based single-source consumer count (2 per Screen, confirmed for this row)",,,
58,3f,언어 설정,LanguageSettingsPreview,Modal,within /profile,ProfilePage internal view ('language'),/profile (view),LanguageSettingsScreen,ProfilePage.tsx renders LanguageSettingsScreen with languageSettingsFixture,/__wave6/3f,NO,ProtectedRoute,fixture only - no real API,PARTIALLY_INTEGRATED,Canonical screen live in render chain but data/behavior is static fixture only,none,frontend/src/pages/profile/ProfilePage.tsx,NO,HIGH,GAP-D - no backend concept exists for language preference,,Not in initial LOW set -- no remediation required this pass,PARTIALLY_INTEGRATED,HIGH,POLICY_DECISION_REQUIRED,MONGLE-W7-4-FAMILY-HOME-AND-DOMAIN-SINGLE-SOURCE-PRODUCT-INTEGRATION-001,"DEFERRED - POLICY_DECISION_REQUIRED - unchanged, re-confirmed only (no new evidence this task)",N/A - not implemented,N/A,DEFER_CONFIRMED_BLOCKER,N/A - blocked before single-sourcing question applies,NOT_APPLICABLE,NOT_APPLICABLE,NOT_APPLICABLE,PRESERVED - not touched,DEFERRED_CONFIRMED_BLOCKER,"POLICY_DECISION_REQUIRED - unchanged, re-confirmed only (no new evidence this task)",,,,,,,,,,,,,MONGLE-W7-4-CROSS-DOMAIN-PRODUCT-INTEGRATION-INDEPENDENT-QA-001,"NOT_INDEPENDENT (same session as implementer, this task's own conversation)",MATRIX_CONSISTENCY_ONLY - row-level classification/consumer/write-once integrity re-verified via automated diff this task; not individually runtime-exercised,"Automated CSV round-trip diff against HEAD (0 write-once column changes across all 64 rows); grep-based single-source consumer count (2 per Screen, confirmed for this row)",,,
59,3g,테마 설정,ThemeSettingsPreview,Modal,within /profile,ProfilePage internal view ('theme'),/profile (view),ThemeSettingsScreen,ProfilePage.tsx renders ThemeSettingsScreen with themeSettingsFixture,/__wave6/3g,NO,ProtectedRoute,fixture only - no real API,PARTIALLY_INTEGRATED,Canonical screen live in render chain but data/behavior is static fixture only,none,frontend/src/pages/profile/ProfilePage.tsx,NO,HIGH,GAP-D - no backend concept exists for theme preference,,Not in initial LOW set -- no remediation required this pass,PARTIALLY_INTEGRATED,HIGH,POLICY_DECISION_REQUIRED,MONGLE-W7-4-FAMILY-HOME-AND-DOMAIN-SINGLE-SOURCE-PRODUCT-INTEGRATION-001,"DEFERRED - POLICY_DECISION_REQUIRED - unchanged, re-confirmed only (no new evidence this task)",N/A - not implemented,N/A,DEFER_CONFIRMED_BLOCKER,N/A - blocked before single-sourcing question applies,NOT_APPLICABLE,NOT_APPLICABLE,NOT_APPLICABLE,PRESERVED - not touched,DEFERRED_CONFIRMED_BLOCKER,"POLICY_DECISION_REQUIRED - unchanged, re-confirmed only (no new evidence this task)",,,,,,,,,,,,,MONGLE-W7-4-CROSS-DOMAIN-PRODUCT-INTEGRATION-INDEPENDENT-QA-001,"NOT_INDEPENDENT (same session as implementer, this task's own conversation)",MATRIX_CONSISTENCY_ONLY - row-level classification/consumer/write-once integrity re-verified via automated diff this task; not individually runtime-exercised,"Automated CSV round-trip diff against HEAD (0 write-once column changes across all 64 rows); grep-based single-source consumer count (2 per Screen, confirmed for this row)",,,
60,3h,계정 탈퇴 확인,AccountDeletionConfirmPreview,Modal,within /profile,ProfilePage internal view ('delete'),/profile (view),AccountDeletionConfirmScreen,"ProfilePage.tsx docblock ""3h... confirmed TRUE_FUNCTIONAL_GAP - no account-deletion policy/API exists anywhere""",/__wave6/3h,NO,ProtectedRoute,none - onConfirm only closes view locally,INFRASTRUCTURE_BLOCKED,No account-deletion policy/API exists anywhere in the product (verified via repo-wide grep by prior task),INFRASTRUCTURE_BLOCKED,frontend/src/pages/profile/ProfilePage.tsx,NO,HIGH,GAP-F - account deletion policy + API needed,,Not in initial LOW set -- no remediation required this pass,INFRASTRUCTURE_BLOCKED,HIGH,INFRASTRUCTURE_PREREQUISITE_REQUIRED,MONGLE-W7-4-FAMILY-HOME-AND-DOMAIN-SINGLE-SOURCE-PRODUCT-INTEGRATION-001,"DEFERRED - INFRASTRUCTURE_PREREQUISITE_REQUIRED / POLICY_DECISION_REQUIRED - account deletion, double-confirmed by W7.5's own explicit note ('3h account deletion stays POLICY_REQUIRED/HUMAN_GATE'); unchanged, re-confirmed only",N/A - not implemented,N/A,DEFER_CONFIRMED_BLOCKER,N/A - blocked before single-sourcing question applies,NOT_APPLICABLE,NOT_APPLICABLE,NOT_APPLICABLE,PRESERVED - not touched,DEFERRED_CONFIRMED_BLOCKER,"INFRASTRUCTURE_PREREQUISITE_REQUIRED / POLICY_DECISION_REQUIRED - account deletion, double-confirmed by W7.5's own explicit note ('3h account deletion stays POLICY_REQUIRED/HUMAN_GATE'); unchanged, re-confirmed only",,,,,,,,,,,,,MONGLE-W7-4-CROSS-DOMAIN-PRODUCT-INTEGRATION-INDEPENDENT-QA-001,"NOT_INDEPENDENT (same session as implementer, this task's own conversation)",MATRIX_CONSISTENCY_ONLY - row-level classification/consumer/write-once integrity re-verified via automated diff this task; not individually runtime-exercised,"Automated CSV round-trip diff against HEAD (0 write-once column changes across all 64 rows); grep-based single-source consumer count (2 per Screen, confirmed for this row)",,,
61,3i,가족 초대 취소,FamilyInviteCancelPreview,Modal,within /family/members,FamilyMembersPage internal view ('cancel-invite'),/family/members (view),FamilyInviteCancelScreen,FamilyMembersPage.tsx imports FamilyInviteCancelScreen,/__wave6/3i,NO,ProtectedRoute,not explicitly confirmed real vs fixture,PARTIALLY_INTEGRATED,Canonical screen present; real API binding not explicitly confirmed by comment this pass,none,frontend/src/features/family-members/FamilyMembersPage.tsx,NO,LOW,verify real invite-cancel API call,"frontend/src/features/family-members/FamilyMembersPage.tsx line ~144: <FamilyInviteCancelScreen model={{...familyInviteCancelFixture, invitee: cancelInvite ?? ...}} onConfirm={() => setView('invitations')} /> -- fixture model, onConfirm is a pure navigation no-op; page's own docblock explicitly states ""2f/2p/2r/3i remain fixture""",Classification unchanged (already PARTIALLY_INTEGRATED). Confirmed by direct code read + explicit docblock disclosure.,PARTIALLY_INTEGRATED,HIGH,READY_FOR_WIRING,MONGLE-W7-4-FAMILY-HOME-AND-DOMAIN-SINGLE-SOURCE-PRODUCT-INTEGRATION-001,DEFERRED - POLICY_BLOCKED - same invitation-model gate as 2f/2p/2w; re-confirmed this task by direct source read: FamilyMembersPage's cancel-invite view performs no real cancel API call,N/A - not implemented,N/A,DEFER_CONFIRMED_BLOCKER,N/A - blocked before single-sourcing question applies,NOT_APPLICABLE,NOT_APPLICABLE,NOT_APPLICABLE,PRESERVED - not touched,DEFERRED_CONFIRMED_BLOCKER,POLICY_BLOCKED - same invitation-model gate as 2f/2p/2w; re-confirmed this task by direct source read: FamilyMembersPage's cancel-invite view performs no real cancel API call,,,,,,,,,,,,,MONGLE-W7-4-CROSS-DOMAIN-PRODUCT-INTEGRATION-INDEPENDENT-QA-001,"NOT_INDEPENDENT (same session as implementer, this task's own conversation)","CONFIRMED STILL FIXTURE - cancel-invite view performs no real cancel API call, re-verified this task",See this task's own QA evidence for exact commands/screenshots/logs,,,
62,3j,검색 전체,SearchAllPreview,Route,/family/search,FamilySearchPage,/family/search,FamilySearchPage,"own docblock ""canonical 3j (검색 전체)... W7.5 Phase D SLICE-SEARCH... real and tested""",/__wave6/3j,NO,ProtectedRoute,real cross-entity search API exists but no input control on frozen screen,PARTIALLY_INTEGRATED,Frozen canonical screen's search box is a static span not an input - real endpoint exists but unreachable from UI,none (design-contract gap),frontend/src/features/family-search/FamilySearchPage.tsx,NO,HIGH,GAP-D - PM/design decision for real search input,,Not in initial LOW set -- no remediation required this pass,PARTIALLY_INTEGRATED,HIGH,DESIGN_DECISION_REQUIRED,MONGLE-W7-4-FAMILY-HOME-AND-DOMAIN-SINGLE-SOURCE-PRODUCT-INTEGRATION-001,"DEFERRED - DESIGN_DECISION_REQUIRED - FamilySearchPage wires only the filter UI state to the fixture (model={{...searchAllFixture, activeFilter}}); no real search query execution exists at all, confirmed this task by direct source read",N/A - not implemented,N/A,DEFER_CONFIRMED_BLOCKER,N/A - blocked before single-sourcing question applies,NOT_APPLICABLE,NOT_APPLICABLE,NOT_APPLICABLE,PRESERVED - not touched,DEFERRED_CONFIRMED_BLOCKER,"DESIGN_DECISION_REQUIRED - FamilySearchPage wires only the filter UI state to the fixture (model={{...searchAllFixture, activeFilter}}); no real search query execution exists at all, confirmed this task by direct source read",,,,,,,,,,,,,MONGLE-W7-4-CROSS-DOMAIN-PRODUCT-INTEGRATION-INDEPENDENT-QA-001,"NOT_INDEPENDENT (same session as implementer, this task's own conversation)",MATRIX_CONSISTENCY_ONLY - row-level classification/consumer/write-once integrity re-verified via automated diff this task; not individually runtime-exercised,"Automated CSV round-trip diff against HEAD (0 write-once column changes across all 64 rows); grep-based single-source consumer count (2 per Screen, confirmed for this row)",,,
63,3k,위젯 갤러리,WidgetGalleryPreview,Modal,within /profile,ProfilePage internal view ('widgets'),/profile (view),WidgetGalleryScreen,ProfilePage.tsx renders WidgetGalleryScreen with widgetGalleryFixture,/__wave6/3k,NO,ProtectedRoute,fixture only - no real API,PARTIALLY_INTEGRATED,Canonical screen live in render chain but data/behavior is static fixture only,none,frontend/src/pages/profile/ProfilePage.tsx,NO,HIGH,GAP-D - no backend concept exists for widget layout,,Not in initial LOW set -- no remediation required this pass,PARTIALLY_INTEGRATED,HIGH,POLICY_DECISION_REQUIRED,MONGLE-W7-4-FAMILY-HOME-AND-DOMAIN-SINGLE-SOURCE-PRODUCT-INTEGRATION-001,"DEFERRED - POLICY_DECISION_REQUIRED - unchanged, re-confirmed only (no new evidence this task)",N/A - not implemented,N/A,DEFER_CONFIRMED_BLOCKER,N/A - blocked before single-sourcing question applies,NOT_APPLICABLE,NOT_APPLICABLE,NOT_APPLICABLE,PRESERVED - not touched,DEFERRED_CONFIRMED_BLOCKER,"POLICY_DECISION_REQUIRED - unchanged, re-confirmed only (no new evidence this task)",,,,,,,,,,,,,MONGLE-W7-4-CROSS-DOMAIN-PRODUCT-INTEGRATION-INDEPENDENT-QA-001,"NOT_INDEPENDENT (same session as implementer, this task's own conversation)",MATRIX_CONSISTENCY_ONLY - row-level classification/consumer/write-once integrity re-verified via automated diff this task; not individually runtime-exercised,"Automated CSV round-trip diff against HEAD (0 write-once column changes across all 64 rows); grep-based single-source consumer count (2 per Screen, confirmed for this row)",,,
64,3l,바로가기 편집,ShortcutEditorPreview,Modal,within /profile,ProfilePage internal view ('shortcuts'),/profile (view),ShortcutEditorScreen,ProfilePage.tsx renders ShortcutEditorScreen with shortcutEditorFixture,/__wave6/3l,NO,ProtectedRoute,fixture only - no real API,PARTIALLY_INTEGRATED,Canonical screen live in render chain but data/behavior is static fixture only,none,frontend/src/pages/profile/ProfilePage.tsx,NO,HIGH,GAP-D - no backend concept exists for shortcut editing,,Not in initial LOW set -- no remediation required this pass,PARTIALLY_INTEGRATED,HIGH,POLICY_DECISION_REQUIRED,MONGLE-W7-4-FAMILY-HOME-AND-DOMAIN-SINGLE-SOURCE-PRODUCT-INTEGRATION-001,"DEFERRED - POLICY_DECISION_REQUIRED - unchanged, re-confirmed only (no new evidence this task)",N/A - not implemented,N/A,DEFER_CONFIRMED_BLOCKER,N/A - blocked before single-sourcing question applies,NOT_APPLICABLE,NOT_APPLICABLE,NOT_APPLICABLE,PRESERVED - not touched,DEFERRED_CONFIRMED_BLOCKER,"POLICY_DECISION_REQUIRED - unchanged, re-confirmed only (no new evidence this task)",,,,,,,,,,,,,MONGLE-W7-4-CROSS-DOMAIN-PRODUCT-INTEGRATION-INDEPENDENT-QA-001,"NOT_INDEPENDENT (same session as implementer, this task's own conversation)",MATRIX_CONSISTENCY_ONLY - row-level classification/consumer/write-once integrity re-verified via automated diff this task; not individually runtime-exercised,"Automated CSV round-trip diff against HEAD (0 write-once column changes across all 64 rows); grep-based single-source consumer count (2 per Screen, confirmed for this row)",,,
